{
"type": "FeatureCollection",
"name": "District",
"crs": { "type": "name", "properties": { "name": "urn:ogc:def:crs:OGC:1.3:CRS84" } },
"features": [
{"type":"Feature","properties":{"Id":92,"OBJECTID":81,"Shape_Leng":"436373.017115371","Engligh":"M.Viangthong","Lao":"ເມືອງວຽງທອງ","District_C":"06","Head_Provi":null,"Code_Pr_Di":1106.0,"Code_Provi":"11","Shape_Le_1":null,"Latine_Nam":"M.Viangthong","Lao_Phetsa":null,"Shape_Le_2":null,"Shape_Area":null},"geometry":{"type":"MultiPolygon","coordinates":[[[[104.669340852779882,18.846288453913942],[104.669199822549984,18.845961106023484],[104.669240811139716,18.845578067949734],[104.669476930886276,18.845354093506476],[104.670259565167314,18.844912166326527],[104.670806100275541,18.84468326628491],[104.671179876821029,18.84461277718383],[104.671503282208448,18.844616308510673],[104.671559294905023,18.844597027412664],[104.672526490758713,18.843832507957522],[104.673470177115021,18.84333064684655],[104.673953747087452,18.84295932863342],[104.674030037153727,18.842149455730937],[104.674164715972765,18.840869005363015],[104.674429805919885,18.840519195607374],[104.674891531761574,18.839545804555264],[104.675761323299383,18.838595014700619],[104.676654191457061,18.837595003417878],[104.677004834995415,18.837360756604237],[104.675613558498497,18.836756778429326],[104.674076443055867,18.836216202673754],[104.6725531056249,18.835602336228565],[104.670949841802127,18.834835518661865],[104.669449836102601,18.834091940525685],[104.66938801506636,18.833553023429904],[104.669298316900992,18.832548541165544],[104.66902502842288,18.831542605380019],[104.669118230048994,18.830756481740508],[104.669512119818805,18.828786946189972],[104.669764157507174,18.828222531332774],[104.670252323301483,18.827028146141622],[104.670717614025506,18.826156822103762],[104.671331344595998,18.824907301095777],[104.670873738033478,18.824426361492677],[104.67064659510676,18.823333519980768],[104.6696423049966,18.82075484386068],[104.667581403320327,18.819178608208688],[104.666767111966038,18.818478770088152],[104.666207550488778,18.81799785273288],[104.665653832174542,18.817996861038555],[104.665381851759619,18.817996373327073],[104.664738286289364,18.818285649420869],[104.664560757420574,18.818365446260731],[104.664095979619731,18.818823275422321],[104.663316155478626,18.818865928641706],[104.662490797536918,18.818689332070594],[104.662079340301133,18.817990419667208],[104.661668505106633,18.816984217159206],[104.661000227497965,18.81631648537255],[104.660661534453368,18.815978066046707],[104.658922119266691,18.814184279832546],[104.659003806465407,18.813954380334977],[104.6590819323321,18.813734503169332],[104.659146681769826,18.813552272104776],[104.659222765594606,18.813338140949469],[104.659326876851594,18.813045128119352],[104.659322132845801,18.812800209307515],[104.659320312608259,18.812706235789623],[104.659319086438359,18.81264293220601],[104.659133093136646,18.812127350842804],[104.65913309296181,18.812127350358125],[104.659120891855423,18.812093528256653],[104.658891819020624,18.812000470586799],[104.658067240359472,18.81195983089594],[104.658067239552508,18.811959830830496],[104.65764495500791,18.811209537564864],[104.657853918842378,18.81035473363594],[104.657924325873921,18.8096970262696],[104.657373703111915,18.80870926087146],[104.65723741426774,18.80778804014825],[104.657515717699425,18.80680179572342],[104.65727274524437,18.806330586193525],[104.656807305754825,18.805922694333155],[104.65680858118769,18.805293639771488],[104.656537195331126,18.804997114604923],[104.656070483138762,18.805218274595429],[104.655760169418059,18.804958679818604],[104.655683588426811,18.804403489031785],[104.655645712107656,18.803922376088273],[104.655179680147896,18.803810505070253],[104.654557927956375,18.803846359534223],[104.653780906969033,18.803807915689397],[104.65358754197706,18.803363518041575],[104.652967003909183,18.802807314942186],[104.652696312930473,18.802177755480983],[104.652502572841669,18.801918372214697],[104.651763958917599,18.802102011935546],[104.651180685619153,18.802322942298023],[104.650715119242363,18.801989042575986],[104.650599146951194,18.802113599694351],[104.650459286353552,18.801643603955018],[104.650416834446006,18.80150094555508],[104.650327001962069,18.800627504191532],[104.649870035715495,18.799753366784962],[104.649780661850741,18.798660757675741],[104.650560395006977,18.797180021462104],[104.650728425700748,18.796804133608511],[104.651117286475554,18.79633263557615],[104.651300568756881,18.795890127926764],[104.651437711746638,18.795394434646489],[104.651552271557762,18.794482960177415],[104.65192018270811,18.792830529951104],[104.652041045088637,18.792287683045959],[104.652043646361321,18.791021267579755],[104.651953271619576,18.790409919166255],[104.651908833060631,18.789666472848708],[104.652185541710409,18.788924758375074],[104.653017262651332,18.788233785427185],[104.653429179009976,18.78749570698545],[104.653513226780376,18.786999913030971],[104.653226193957039,18.786445042817373],[104.653154058019837,18.786305594428473],[104.651092892950373,18.784991273316848],[104.651187313800705,18.783638037285918],[104.651376795610432,18.783057713684116],[104.651460649780262,18.78280367942628],[104.651857339762785,18.782398851007446],[104.652292358904887,18.781956804327848],[104.652406698659149,18.781727684725979],[104.652417962291537,18.781576365468506],[104.652429568654398,18.78142044153941],[104.652310579063254,18.781171107948868],[104.652254193291625,18.781052955596405],[104.651990863148811,18.780892247496773],[104.651193965322136,18.780405903573129],[104.650919695233739,18.779968188677294],[104.651516168461825,18.779882313090766],[104.652228421891834,18.780089741979207],[104.652570275474318,18.780189298531891],[104.653039985052999,18.780032009519967],[104.653123392079308,18.778836915120074],[104.653638688107065,18.778349343156904],[104.653638688738809,18.778349343153867],[104.653638688629002,18.778349342719281],[104.65360238411624,18.777997865097564],[104.653514904914871,18.777150940548015],[104.653513793708385,18.777140182419835],[104.653816761875888,18.776303806987457],[104.653736091073512,18.775136797059325],[104.653719223921613,18.774892789591487],[104.653786143655921,18.77419880175314],[104.653850772142235,18.773528569225316],[104.653912136444774,18.772892182632837],[104.653924404170752,18.772764957929002],[104.654405190838276,18.771801392143786],[104.654629997703424,18.771350842483866],[104.654662410667314,18.771059925473224],[104.654757693421715,18.770204725087137],[104.654860138732161,18.7692852273927],[104.654849692742729,18.768936032441804],[104.654825734752379,18.76813514615435],[104.654782437384185,18.766687754465259],[104.654761418888981,18.765985118915008],[104.654989040803116,18.765153383582984],[104.654795483865385,18.764048268069427],[104.654855590404367,18.763883893463504],[104.655177738400695,18.763002902664461],[104.655204426705154,18.762929916658202],[104.655377343631599,18.762234895123971],[104.655350119234512,18.762209919897508],[104.65471752049217,18.761629580759145],[104.654489226414441,18.761193083486226],[104.65420647683095,18.760961979624948],[104.654077787079771,18.760856795396109],[104.653783301266827,18.760708302784952],[104.653322229514231,18.760475808818519],[104.653318939039011,18.760473591538766],[104.653123847056548,18.760342129014226],[104.652941035876523,18.760141831576462],[104.652818833545751,18.759728119865315],[104.652788377804896,18.758963240202149],[104.652780907307957,18.758484883025282],[104.652755613963038,18.756865269412664],[104.652438638178978,18.754854888719539],[104.652028832025451,18.753587701496709],[104.651893952335584,18.752276963352717],[104.652033307652019,18.751403938714713],[104.652400754700636,18.751055534996368],[104.65303989339381,18.751313081126749],[104.65327107447014,18.751406236692848],[104.653867635448933,18.751232233050793],[104.653977012483139,18.750959931315926],[104.654138797098554,18.750557155488398],[104.654878655255672,18.749750767895588],[104.655428178313528,18.749668178936272],[104.655493807323197,18.749938863174634],[104.655702485539933,18.750799542455511],[104.656207224996919,18.750581302774382],[104.656509621029457,18.750142656951535],[104.656988946216757,18.749447357695253],[104.657416961636557,18.749172320724742],[104.657861989301111,18.748886349905185],[104.658029276407476,18.74884971037557],[104.658296796581766,18.748791117269882],[104.658594366800358,18.748540862258526],[104.658861429819027,18.74841933612484],[104.659326770836074,18.748325288668422],[104.65933800380661,18.748320082233278],[104.659495364416784,18.748247146139224],[104.659647255229913,18.748176745090301],[104.659656050753313,18.748169236948318],[104.659883644588092,18.747974955142119],[104.659962599178584,18.747829793964733],[104.66005921109803,18.747652168687864],[104.66008982221706,18.747318957280342],[104.660667073958976,18.747283066854596],[104.660982198772487,18.74726347332053],[104.661280723325589,18.747244911447595],[104.661608206754806,18.747224548395891],[104.661867478862405,18.747887039984828],[104.661974367474485,18.74810301189526],[104.662126772610875,18.748243376106824],[104.662409253098602,18.748421253862414],[104.662729598864516,18.748487357647495],[104.662812453530236,18.74848453209114],[104.662981316125098,18.748478773330127],[104.663134046078795,18.748305067973828],[104.663172121000201,18.747341472887626],[104.663347549069158,18.746931698018098],[104.663477451445075,18.746760214034115],[104.663744324641982,18.746579932747935],[104.66456069948876,18.746175827840947],[104.665529702611636,18.74579457907743],[104.66574321679829,18.745764459990767],[104.666033136605805,18.745771753786961],[104.666292750366225,18.745815150605317],[104.666511598167247,18.745957249905906],[104.666681811938972,18.746067770475033],[104.666813010714336,18.746261601233211],[104.667124337239485,18.746721547431076],[104.667497983504603,18.747574028363584],[104.667734529893522,18.747894160610834],[104.667948239825932,18.748071907957829],[104.668224624835233,18.748332238875385],[104.668589048078061,18.7479950924482],[104.668585204285435,18.747955329856627],[104.668512916244794,18.747207534011007],[104.668778100499637,18.746673643898312],[104.669282734887005,18.746499423973464],[104.669643812059505,18.746584132585173],[104.669995995481273,18.746666753974768],[104.671161455185299,18.746940162753319],[104.671344885374793,18.746983193466715],[104.671565295449611,18.747056590916898],[104.67239874128046,18.74733412885309],[104.672591433823783,18.747047134083093],[104.672720730724819,18.746854559618335],[104.672566686797424,18.746470899571033],[104.672036224466396,18.745149722111059],[104.672816805830422,18.744539900504765],[104.672030144891778,18.743385068094931],[104.671511310677431,18.742481499026397],[104.670300963331343,18.741521359206736],[104.669339734269641,18.740821486159334],[104.668790706885531,18.740208202184601],[104.668150938174847,18.739158676434947],[104.668444180829269,18.738222644673019],[104.669117085233637,18.737325700736328],[104.669668737806461,18.736584438074683],[104.670725986138265,18.735144757515222],[104.671140158373291,18.73435919420773],[104.671187794599177,18.733485989290081],[104.671053375107348,18.732330038618453],[104.670782089657266,18.729904019733588],[104.670510975165641,18.727849686401736],[104.669870647103593,18.727106322881848],[104.668725291959049,18.726624161556426],[104.668039663206599,18.725705602782014],[104.666834350682592,18.723605544634552],[104.6670553282094,18.722249735976153],[104.667537106207249,18.72083571966213],[104.66850161708328,18.717505633273397],[104.669755166245935,18.71330887092325],[104.670766072373695,18.710709107286455],[104.672304082658897,18.707973336995028],[104.673840818792002,18.705876524852581],[104.675184189535855,18.704692188987021],[104.676862987940694,18.703417136601175],[104.681170258917618,18.701331725847972],[104.681706460231339,18.700230540714372],[104.681948321902368,18.698952996682987],[104.682000733371183,18.696534103158484],[104.681525462603332,18.694570724968191],[104.681292311638259,18.691192879444525],[104.680625838897555,18.687797125411269],[104.680485839894544,18.687083797737607],[104.680064156272707,18.682108183549097],[104.679589543500285,18.679825310885303],[104.678207039731731,18.67649113277399],[104.676713936600294,18.673817346388727],[104.676119631250856,18.672753062931267],[104.676061334729539,18.67160382635948],[104.676118400106887,18.670321394371417],[104.676142457369096,18.669780747851156],[104.676142536380709,18.667864706592464],[104.676309691502397,18.666903200191143],[104.676499292425447,18.664505635560658],[104.676638404213278,18.662491372761032],[104.675997518098043,18.660122327591651],[104.674959765109648,18.656731303548256],[104.674094716163964,18.653580304661286],[104.67267086082299,18.651440125929629],[104.671342287797316,18.649749111961956],[104.669587021112505,18.649267735707156],[104.665406715698253,18.648702324599853],[104.663987869832283,18.647264894013098],[104.662820713231213,18.645429321487654],[104.662239427694601,18.643355647300538],[104.661825087944464,18.64144170108089],[104.661914235352924,18.638651778337998],[104.662337230872382,18.636181321107109],[104.664942150471873,18.629728921094152],[104.666447251325224,18.62385972344762],[104.666781052093413,18.62255799608451],[104.663776406308358,18.614983501723898],[104.662635581055397,18.61210737849915],[104.662557057724399,18.611510490239926],[104.661649135077724,18.608762397759946],[104.660984546217222,18.606608895419974],[104.660245014687305,18.604154998545777],[104.659323385990731,18.601105555282974],[104.658829710678575,18.597118904833877],[104.658551593022011,18.592973873532237],[104.658654816906846,18.592644663993436],[104.65864534688022,18.592581069372933],[104.659591193113798,18.547286229493892],[104.659579082048609,18.547211693912026],[104.659599339508532,18.547210133413589],[104.659578317211086,18.547206985545451],[104.654392375133938,18.515285408743839],[104.653739548609096,18.511266186781704],[104.660918776956265,18.489515311752857],[104.661498437001612,18.467906059496816],[104.66453394648812,18.462686697644973],[104.665172684388423,18.461588381674655],[104.668204757217069,18.456374477826856],[104.679058146850991,18.449571470025532],[104.687410799219847,18.44433515071945],[104.687410799703443,18.444335150416233],[104.687628615779943,18.444198591158166],[104.692464030022279,18.438620544087065],[104.705576492920812,18.423491766368418],[104.703459229161979,18.396075147792597],[104.70232782555037,18.393077140682859],[104.701831574634895,18.390302140436052],[104.701636106115785,18.387431947826197],[104.702041022185512,18.385041012911643],[104.702346381378177,18.382267265443097],[104.702250288459467,18.379875544296972],[104.701753908825339,18.377196202812279],[104.700155574845894,18.374419468098946],[104.697153102302622,18.372501454250244],[104.695251795659289,18.371159139732001],[104.693150640964305,18.369529493289004],[104.692252145832896,18.367710448046193],[104.691254501655592,18.365317257043078],[104.691158735574277,18.362829864302363],[104.691563393059411,18.360630269617751],[104.691866666079818,18.359100153247358],[104.692572021871158,18.356805376955098],[104.693678763922421,18.354128594040141],[104.694785637441512,18.351356139189051],[104.695090041404569,18.349156371044931],[104.694391644676301,18.347528978616708],[104.693392226201169,18.346188089666732],[104.691288501368675,18.346184694275841],[104.688382155757452,18.346849607908666],[104.684573493726987,18.347895638349488],[104.680564076678436,18.349132579054508],[104.673847600490348,18.351512780811468],[104.665925819849505,18.355421238240655],[104.660011686378652,18.357132707559678],[104.652394500066094,18.358745230947385],[104.647785249662633,18.359119415958663],[104.643878648754068,18.358825164643857],[104.639370757288461,18.358625360148668],[104.634262583610692,18.358041643574655],[104.625750689708553,18.356303187671788],[104.623047837018916,18.355341234825801],[104.62024567227985,18.353996395965623],[104.617444179587281,18.352364527907987],[104.615443753994228,18.350925565117045],[104.612941613920157,18.349868211676927],[104.610338469360499,18.349193269305434],[104.608136058923591,18.348519115982928],[104.606263530186524,18.346327193901317],[104.604764154555525,18.333493138789471],[104.601960342036136,18.328618077366642],[104.597031727539317,18.321970819873975],[104.59245827942334,18.318460455551612],[104.588112018171373,18.315825637907963],[104.583306179106827,18.313846090921935],[104.57230969779161,18.314259354504845],[104.564957084502836,18.313606213706603],[104.554235476849016,18.305466401588784],[104.545773975429114,18.30019550265504],[104.541671546678799,18.29753609392769],[104.540527115961822,18.292087721276268],[104.536874076823196,18.287703101139257],[104.529105186079647,18.28090162776536],[104.52681848452319,18.279583241236029],[104.52202561422844,18.278714554175423],[104.515825322496042,18.279555721387641],[104.510783117551398,18.280855626168933],[104.506884118929676,18.282814717033549],[104.49974250347644,18.28425832402792],[104.496475824742475,18.288554170802797],[104.491708341058612,18.292367701428073],[104.490201414592988,18.29403762776472],[104.487699990842955,18.295769874143463],[104.482178434205053,18.298081329586797],[104.473649330075887,18.303797227507051],[104.466119653431889,18.309993790088356],[104.46033981974135,18.316912393101365],[104.455566291499764,18.322159753363827],[104.452793314606993,18.328130128285437],[104.451533082113386,18.330756962322845],[104.450773600856849,18.333385229040097],[104.448544713920356,18.334890091513742],[104.445632922228029,18.336709232403319],[104.442579746351996,18.338392538605596],[104.43979382209308,18.339636003137752],[104.438890783327153,18.339397041552367],[104.438113738703763,18.338582495554945],[104.435426943380094,18.336543913661838],[104.432748437745659,18.334268406076209],[104.431870807475292,18.333182883774029],[104.429711022916536,18.331107330723494],[104.42430408815278,18.32824606548483],[104.42194948891526,18.327103681021967],[104.421610603025073,18.327061814795496],[104.421366270242672,18.326992159085425],[104.421015830136668,18.32690071581694],[104.420707996312558,18.326895264187794],[104.420590202614846,18.326920888964104],[104.420395080882642,18.326993731929036],[104.420263601652621,18.327045299201078],[104.41996441789739,18.327191259301635],[104.41965168188527,18.327323617066174],[104.419490728986119,18.327345724221988],[104.419309934044932,18.327288686471288],[104.419147376272775,18.327170697523371],[104.418984621538016,18.327023334315765],[104.418845012329044,18.32685457440218],[104.418669056462093,18.326676669253935],[104.418452200648886,18.326524621751435],[104.418293886101367,18.326464262330461],[104.418049417688877,18.326433015346158],[104.417836642469197,18.326475294949347],[104.417632730526421,18.326522122177572],[104.417410198648668,18.326651364135266],[104.417115576526669,18.326763437523901],[104.416927630639307,18.326810312761488],[104.416696664314301,18.326809606761682],[104.416361625782898,18.326799544140481],[104.416044921570645,18.326794057858979],[104.415311456009363,18.326718375916315],[104.414974354799881,18.326708304543669],[104.414981029725396,18.326924107328775],[104.415037979724673,18.327314047618859],[104.415017572785075,18.327666467135899],[104.414948801628029,18.32788881705039],[104.414821136282356,18.328213791748741],[104.414752153721864,18.328500538484207],[104.414654313557506,18.328751041020904],[104.414527280595252,18.328973211959909],[104.414361275087614,18.329177187163189],[104.414204978434,18.329399268020492],[104.414053596231994,18.329649609384294],[104.413829301687414,18.329862443028023],[104.413653535715127,18.330066387562233],[104.413468189599769,18.330306454453989],[104.413136161580212,18.330807042090072],[104.412677496991179,18.331325316995596],[104.412229193010575,18.331750981375723],[104.411605526848788,18.332259705191991],[104.411293280040468,18.332592014085243],[104.410951585566664,18.333064325779539],[104.410569279011384,18.333474375100881],[104.408991654458234,18.335164111296422],[104.408473566375321,18.335755625632959],[104.408278094257625,18.336099589718042],[104.407404057147943,18.336823305510613],[104.406898579913133,18.33726911511917],[104.406499338002334,18.337522063502391],[104.406149907478977,18.337566165541752],[104.405824358493291,18.33754594754453],[104.40541419573708,18.33770396348455],[104.404830147730678,18.337860307939273],[104.404025053558343,18.338049850458372],[104.403153408786935,18.338068589428286],[104.402416107978411,18.337981545636918],[104.401455364859089,18.337849744895767],[104.400606498555504,18.337783812735012],[104.399779517374611,18.337802675786914],[104.397744696695497,18.338073047903524],[104.396179377833079,18.338303083925403],[104.394725552288307,18.338618190940156],[104.394121255001451,18.338894191897712],[104.393717552490926,18.339234090025162],[104.393268588237461,18.339830297205118],[104.392864725581916,18.340298984731859],[104.392013016704368,18.340958304911545],[104.390802313158403,18.342020915655855],[104.389545964096357,18.343361295454514],[104.388604596632689,18.344106166562785],[104.387932009575295,18.344701642739636],[104.386812451911979,18.345317145144442],[104.38607339827648,18.345719216280518],[104.385446134895986,18.346122772829823],[104.384997737395707,18.346548369527195],[104.38461623892843,18.346952715974805],[104.384235508365649,18.347143543584309],[104.382915785834115,18.347481583971607],[104.382333546416277,18.34777795368953],[104.381751157099586,18.348117244961887],[104.381101916821365,18.348457450673305],[104.380720648854236,18.348797396152321],[104.380339297202468,18.349158801122876],[104.379979818308612,18.349690872871903],[104.379576050223278,18.350116601247823],[104.37917273622935,18.350414666665706],[104.378409407557243,18.351308063441525],[104.377936502006648,18.352288267276158],[104.377330786447331,18.353106480992761],[104.377051042121735,18.353996930398477],[104.376979350275121,18.354690357729485],[104.376769812044827,18.355218391092443],[104.376837491275865,18.355647914788946],[104.376697523518558,18.356077887185947],[104.376288403588276,18.356914816589548],[104.375793613118276,18.357724350495307],[104.375142412109241,18.358596634493757],[104.374822749470354,18.359232755382656],[104.374737765742523,18.359749900890726],[104.374755805850441,18.360409726278526],[104.374865684278305,18.360944454660206],[104.375242159513391,18.361947767053486],[104.375284137231077,18.362695793206093],[104.375192435913519,18.363356390881272],[104.375124364577317,18.363612616589524],[104.374854085522514,18.3641664334314],[104.374471918048187,18.36474134287344],[104.374023125937015,18.365252771605036],[104.373597674645964,18.365443429219166],[104.373172687409465,18.365505295352989],[104.372703801046754,18.365354624154431],[104.372078597919071,18.365160508228861],[104.371192168714131,18.364895485078705],[104.370210981977124,18.364417751918971],[104.370019688810501,18.36439339836258],[104.369178609827955,18.364268600840617],[104.368451530558517,18.364352049504284],[104.367902561284865,18.364508393436811],[104.367212633470444,18.364871005869787],[104.366694175986765,18.365417208018577],[104.366220039142888,18.366060708144225],[104.36545283909804,18.366679510682069],[104.364084864639267,18.367623927462287],[104.3634590729894,18.367914437548936],[104.362692684293776,18.368228198568961],[104.362437618662938,18.368252202543175],[104.36222123856767,18.368129464575777],[104.362030919145852,18.367922084345874],[104.361802542876148,18.367604993754217],[104.361447492210218,18.367067176834055],[104.360919971261865,18.366615773888398],[104.360156365353561,18.366174872020636],[104.35913804555247,18.365744407556353],[104.358336063192468,18.365364373379602],[104.357457341701007,18.365021360111939],[104.356680611626416,18.364774715877253],[104.356196468175625,18.364675924388564],[104.355209900943464,18.364221821337651],[104.354051696048273,18.363633825162299],[104.35340175366288,18.363497180318443],[104.352369652489031,18.363360365744008],[104.351821672895099,18.363248915517595],[104.351222130470362,18.363319176365408],[104.350953671378889,18.363526132968872],[104.35039178956869,18.363730959768564],[104.349523942451398,18.363886162441187],[104.348700921140932,18.364077660493976],[104.347603508246763,18.364317930748118],[104.346518847375492,18.364472372219812],[104.345434708174835,18.364565805423435],[104.344413903191224,18.36480632035471],[104.343761757691183,18.365253705597684],[104.34311524336195,18.365933835706031],[104.342182122229218,18.366527116599222],[104.340979961288539,18.367473064577126],[104.340146514407792,18.368686897644896],[104.339671623117738,18.369500920867278],[104.339376074783061,18.370133676367786],[104.339010454557481,18.370680325704807],[104.338461015281794,18.370946163918493],[104.337348606189053,18.371770387022476],[104.336491542731181,18.372497209439672],[104.335654842718526,18.372847899224279],[104.335081028782739,18.37283346891309],[104.334482050327694,18.372746647026602],[104.333195814907882,18.372303809830711],[104.332596422371665,18.372325434781612],[104.331753789183182,18.372602651230178],[104.331014141892112,18.372636204934061],[104.329789952311273,18.372595747850387],[104.328820762046121,18.372628484796312],[104.328053205280781,18.373223405182159],[104.32742582508854,18.373902413053123],[104.32632701950773,18.37448260142364],[104.324743834494313,18.374940180055816],[104.323480486712086,18.375228293206437],[104.32184761174922,18.375380646756788],[104.32101808758857,18.375548275029157],[104.32054566293958,18.375704753049106],[104.319783243346293,18.376185554509366],[104.319081925955501,18.376624770534541],[104.317995885161608,18.377180097383579],[104.316616817736502,18.377625912123204],[104.315569108599846,18.378133912850188],[104.314763811281537,18.378605500452608],[104.314303362626333,18.378945017715306],[104.314162182539306,18.379187401104822],[104.314186905596713,18.379370506780372],[104.314250223308449,18.379516471451751],[104.314313059832571,18.379784443012728],[104.31433714853938,18.380125704455104],[104.31428457725724,18.380479121188717],[104.314002942725509,18.38078200255519],[104.313734024263056,18.381086056338269],[104.313247305330535,18.381632221245827],[104.312543279622759,18.382298474194759],[104.312056483856296,18.382787015879344],[104.311270177635947,18.383236064418423],[104.310498082628271,18.383233268259072],[104.309826815024138,18.382873840650522],[104.309105762797572,18.382610256624183],[104.30810944907924,18.382606636636574],[104.3075124480375,18.382389819105441],[104.306592119254361,18.382101776201978],[104.305696259410539,18.381907583531678],[104.304724417751132,18.381998933873238],[104.303629473025126,18.381805137394604],[104.303057530448214,18.381540948497317],[104.301988108550191,18.381181163154515],[104.300557392787724,18.380771471675075],[104.29928764805301,18.380648176982685],[104.298416755028271,18.380501492582969],[104.297469955580155,18.380545449049219],[104.296447840088092,18.380780047333154],[104.29552473297818,18.381181071284178],[104.294527175111583,18.381485791835836],[104.293480196432085,18.381720277174171],[104.291936232863833,18.381667089365944],[104.290516123223171,18.381709249279123],[104.290497200259054,18.381706918380655],[104.28954545213341,18.381587008905633],[104.288600309540243,18.381226485166039],[104.287469770112921,18.380556847109037],[104.286599866107096,18.380172874852125],[104.28584559714767,18.38001301559769],[104.282245422144442,18.383784021594774],[104.272878402301345,18.393594385829836],[104.269104784861611,18.397370334377744],[104.265473665707233,18.400943696267049],[104.263193010839544,18.403709990579092],[104.261052646995395,18.406815229299049],[104.259271072643315,18.408906551701659],[104.257197993380018,18.412824233226694],[104.252503298395411,18.421218865831509],[104.249126263497715,18.426464986918376],[104.245773930576618,18.430918941181726],[104.243487818768685,18.434767911104554],[104.241987325552785,18.437333967868945],[104.239732283724692,18.439934843536047],[104.239706145018047,18.440227334968014],[104.239737424847419,18.440583315343531],[104.239711810638767,18.440688275229391],[104.239679404399752,18.44092425540245],[104.239728662278225,18.441162820350655],[104.239674151250483,18.441447287422424],[104.239578101175397,18.441754182097046],[104.239572826177408,18.442011735311628],[104.239457783977073,18.442399890667939],[104.239340808785499,18.442687496325394],[104.239194729372002,18.443000966582972],[104.238950112929231,18.443377308544239],[104.238609605463353,18.443824434912205],[104.238483348397267,18.444003551124442],[104.238380826718,18.444166944856981],[104.238270173213195,18.444431984624146],[104.238152588916265,18.444857407147651],[104.238080628745422,18.445205068666883],[104.237937977104437,18.445611187174148],[104.237659764158863,18.446089067314862],[104.237431359279483,18.446345718130694],[104.237417865649334,18.446386335015777],[104.237375889956539,18.446510431830685],[104.23736698229304,18.446786045393914],[104.237447646495525,18.44708235003662],[104.237621086056464,18.447277357827677],[104.23772663609175,18.447367030309991],[104.237893794048986,18.447644477338361],[104.237928102819367,18.44785021931871],[104.237953795310744,18.448198272882621],[104.238047350115139,18.448321786301342],[104.238125703412919,18.448336787130781],[104.238289894984405,18.44834874530552],[104.238348507795649,18.448412244014957],[104.238369616966125,18.448524167567015],[104.23835654303069,18.448804281444762],[104.238257400396265,18.449073882393165],[104.238044430634631,18.449387082704508],[104.237896532980926,18.449640673545225],[104.237888604893143,18.449692606218704],[104.237911065629518,18.449901695101257],[104.238008590060076,18.449999239520778],[104.238266176633914,18.450171987108838],[104.238457553269498,18.450326395119369],[104.23849252417385,18.450383022467893],[104.238491802167999,18.450546824684434],[104.238424792018506,18.45064371191166],[104.238210525765709,18.450845066522902],[104.23804143620066,18.451004805159069],[104.237970251996416,18.451176237627173],[104.237854979808631,18.45154631516391],[104.237810368499851,18.451863580535861],[104.237709636662515,18.452091375647548],[104.237449932782951,18.452328702566376],[104.237312673571907,18.452384632188213],[104.237006327652423,18.45259691383237],[104.236914319724775,18.453059725242529],[104.236671892031382,18.453405566485635],[104.236333832612175,18.453695668739737],[104.235881497404421,18.454127650603542],[104.235483395036567,18.45474286342305],[104.235396654910801,18.455083685468413],[104.235069578077344,18.455230355607537],[104.234741181260489,18.455409782988042],[104.234289809146773,18.455689258515118],[104.234044753700218,18.455826092465738],[104.233683028718488,18.455978270484515],[104.233343144220882,18.456209613360659],[104.233038887806032,18.456548423098425],[104.232955121971074,18.456616996056542],[104.232887689818256,18.456807644564631],[104.232996684307153,18.457322099393028],[104.233038462493582,18.457910844362104],[104.232954063737949,18.458121755228859],[104.232806253699891,18.458286093570067],[104.232599743979364,18.458470527034429],[104.23218190267545,18.458728668472403],[104.23186432822574,18.458934119234588],[104.231762056539011,18.458970983204591],[104.231397166488023,18.459101679401417],[104.230941342141492,18.459115645129614],[104.230750075305849,18.459067421846193],[104.230667062294643,18.458966543530074],[104.230662015193388,18.458838868729096],[104.230612485003007,18.458727955324317],[104.230368020346063,18.458731480208353],[104.230028529684731,18.45887357565843],[104.229717299088534,18.458915238366416],[104.229517027558501,18.458961873884739],[104.229299573629049,18.459146262743193],[104.229204757916136,18.459236251512888],[104.228914971798034,18.459447455024812],[104.22867805206819,18.459615948159428],[104.22833829142435,18.459815654052047],[104.22808491577247,18.459958090916494],[104.227728637676364,18.460147561122024],[104.227439150899457,18.460289855418928],[104.227233039576419,18.460383906600693],[104.227121179464135,18.460580021947631],[104.226992858392549,18.460684560847607],[104.226870137860999,18.460795898880239],[104.226641442682649,18.460975718042256],[104.226562862298792,18.461075938911328],[104.226437847664158,18.461235847958772],[104.226069442196192,18.461620699701403],[104.225818431978212,18.46182641157835],[104.225786005379916,18.461930213265109],[104.225711233626498,18.462170533757298],[104.225444449099157,18.462858558398683],[104.225310127886061,18.463048926820534],[104.22527013739483,18.46331989468025],[104.225368525505374,18.463686315467978],[104.225468230515375,18.463760155077274],[104.225500873451253,18.463872128605313],[104.225483423306713,18.46406749516283],[104.225432642463957,18.464237872158954],[104.225283663338772,18.464591988690298],[104.225160320225754,18.464841147912221],[104.224942539108895,18.465094437910619],[104.224647260110103,18.46533724879059],[104.224596914457152,18.465410471428147],[104.224579235460524,18.465591149012553],[104.224662054059507,18.466328050986597],[104.224696876160479,18.467272621007833],[104.224762753877485,18.467431049997391],[104.224828435742864,18.467633532771487],[104.224832731970722,18.467929533021458],[104.224753743722005,18.46818452349321],[104.224636408418974,18.468347846093312],[104.224513690983429,18.468453539229419],[104.224385499451799,18.468527571109703],[104.224152095242516,18.468568414610328],[104.223868592668708,18.468562736871171],[104.223652237868038,18.468497456182863],[104.223308155107944,18.468470067003949],[104.223046557259636,18.468526607554214],[104.222684984625133,18.468636965017343],[104.22220977897328,18.468810116713762],[104.221729138486666,18.469071364860337],[104.221655046813979,18.469092524836192],[104.221420047985589,18.469158209902094],[104.221117517278572,18.469169393495086],[104.220907871229983,18.469062342083767],[104.220546644977361,18.469029223487468],[104.220223764042373,18.469222203153638],[104.219843937539096,18.469703024108451],[104.219744123869987,18.469979388873359],[104.219742172689578,18.470410921328117],[104.219739986459913,18.470894424258177],[104.219729221296376,18.470919231450154],[104.21970111048519,18.470983510213607],[104.219600626351706,18.471213552711582],[104.219273118853621,18.471707012526313],[104.219127241203651,18.472026113702118],[104.218862467074985,18.472457696079463],[104.218696102947888,18.472921317111481],[104.218530115199016,18.473302469884274],[104.218285827067291,18.473521751138215],[104.217920179347203,18.47374505358103],[104.217545035200644,18.473907308884023],[104.217123842818381,18.474043391973638],[104.216537724248425,18.474323393245793],[104.216248830792964,18.474327846963952],[104.216012777038941,18.474233107499877],[104.215655648088557,18.474012468615715],[104.21538039733943,18.473817019636886],[104.214829711324043,18.473594449765304],[104.214612771194211,18.473593550695252],[104.214395922171818,18.473636709861331],[104.214139005358845,18.47376782061767],[104.213849166122841,18.473916867729866],[104.213324438886829,18.474428701026238],[104.212618423467859,18.475102453648866],[104.21214311850602,18.475614488751649],[104.211813438173337,18.475863907861029],[104.211589431960718,18.475982725227343],[104.211348608045398,18.476220086576024],[104.210873167472386,18.476694839548358],[104.210735054357684,18.476737190784881],[104.210452801442969,18.476711163260905],[104.210223233071247,18.476623219984983],[104.210151441119137,18.476465893260723],[104.210152703209715,18.476190251426846],[104.21005485650295,18.476032817852975],[104.209805785217569,18.475938016430085],[104.209510368100297,18.475880297604245],[104.209076515393491,18.475934973445526],[104.208960890382457,18.476040680114753],[104.208947147580574,18.476197648333184],[104.20886792435212,18.476241377390913],[104.208677615835839,18.476240582618242],[104.208467723110488,18.476119958329807],[104.208094127025689,18.475943294669339],[104.207556554163716,18.475702679889952],[104.207457972274355,18.475707916007217],[104.2073787083187,18.475758420620867],[104.207153643089399,18.476170948441791],[104.207001460223807,18.476377047179266],[104.206789904351325,18.476683436270939],[104.20669678571825,18.47691463344345],[104.206520011793756,18.477510369197308],[104.206229031454541,18.477903413021167],[104.206195283595619,18.47809757876654],[104.206138389962845,18.479013522919544],[104.206019573439022,18.479168922535823],[104.205643771954684,18.479405710356559],[104.205334253486853,18.479580645998041],[104.20511398904344,18.479592148468807],[104.204785480657023,18.479583993351646],[104.204568625852104,18.479627137266572],[104.204384621222246,18.479607161567117],[104.204253841250704,18.479468789798986],[104.204182488097672,18.479280962964005],[104.204228888090398,18.479168186863333],[104.204315173421918,18.479005873633376],[104.204354999713757,18.478905496496232],[104.204197505491237,18.478848353948766],[104.20394788251707,18.478872156564755],[104.203678895166973,18.478796464545745],[104.203494765423216,18.478801340712518],[104.203369666720221,18.478844874478387],[104.203098820649771,18.479169084777514],[104.202873550956355,18.479557882484691],[104.202645889707753,18.479825789176328],[104.202520382633097,18.479957434771041],[104.202401326115421,18.480100404351877],[104.202360240231812,18.480470770204558],[104.20236510357924,18.480827773225112],[104.202246167936678,18.481009150884162],[104.202087569765851,18.481190364997822],[104.201843443297136,18.481433349801748],[104.201566127348329,18.481682970699921],[104.201154382778626,18.481945582346736],[104.20086482329063,18.482025698649032],[104.200456830289681,18.482179874200384],[104.200187077740154,18.482204720002674],[104.199819406244103,18.482152330983293],[104.199648627344686,18.482151609424697],[104.198902607091327,18.482243351427481],[104.198659109888951,18.48228524783114],[104.197910130474753,18.482313707087762],[104.197344506575433,18.482374573613704],[104.196864727029237,18.482434672772122],[104.196565265830216,18.482546375350676],[104.196466179861474,18.482658920400848],[104.196149692690611,18.482864312523343],[104.195735239699246,18.483007151554133],[104.195530585037304,18.483225444026143],[104.195325323981606,18.483506994493531],[104.195174205086417,18.48354363033312],[104.194950705448264,18.483549462202223],[104.194720494673248,18.483598186245178],[104.194490370076039,18.483628842568237],[104.194286995441175,18.483571491209904],[104.194146217925592,18.483482778301763],[104.193976113876118,18.483337450595975],[104.193701249186546,18.483060638245828],[104.193386268385922,18.483009588929832],[104.192906769925656,18.482944283643025],[104.192578962429451,18.48278698936662],[104.192297682808174,18.482553075909873],[104.192284977918405,18.482421975983211],[104.192312286147981,18.482215362935982],[104.192451189528327,18.482008088781232],[104.192787586104856,18.481721455558823],[104.192821179155942,18.481564568284583],[104.192828628452673,18.481426777926373],[104.192769811353457,18.481345189638102],[104.192615402797301,18.481325328618137],[104.192365891646091,18.481324264905226],[104.192247582637023,18.481305685388637],[104.192116580559556,18.481217012736156],[104.192038592395463,18.481059649670879],[104.191959798424932,18.481009609038452],[104.191828381913936,18.481009048379395],[104.191709927353017,18.481084230308504],[104.190190640364605,18.482093333029656],[104.189735611032333,18.482429162092604],[104.189307470365634,18.482647622907365],[104.18901143187108,18.482720911372791],[104.188787916298764,18.4827323843705],[104.188671570590401,18.482735275088885],[104.188584247186796,18.482738288264677],[104.188394138267725,18.482630151534572],[104.18820470456123,18.482441813266103],[104.187835700604097,18.48191944328671],[104.187358274495537,18.481479080161449],[104.187102406911336,18.481384214508502],[104.186780526962806,18.481351203381511],[104.186497923734251,18.481399694320881],[104.18629364358533,18.481536638783762],[104.186109367892129,18.481574256441831],[104.185932194619127,18.481547512237753],[104.185748798240681,18.48139647546143],[104.18541313533224,18.480836968275536],[104.185237414955438,18.480504082505895],[104.184977513989281,18.479882767637509],[104.1846505617726,18.478858993178211],[104.184448585040371,18.478444656194444],[104.184181417485831,18.47798598226607],[104.18378899345177,18.477601331387131],[104.18308668614435,18.476777017710781],[104.182758842825251,18.476632135262495],[104.182370941720976,18.476667739484181],[104.181969253897918,18.476865963796815],[104.181777369797757,18.477135126848289],[104.181440900352939,18.477434170187234],[104.181157617887038,18.477627252181104],[104.180687549543904,18.477638779687361],[104.180392005736536,18.477611516688405],[104.180128851117175,18.477679288917333],[104.179924237742014,18.477886265684514],[104.179706718937666,18.478067205339364],[104.179522592200883,18.478072052793436],[104.17933906411605,18.478014777121125],[104.179155679303733,18.477863734283996],[104.178946975791575,18.477562333219161],[104.178790659184557,18.477260025727883],[104.178659783849866,18.477146491515885],[104.178430221377823,18.47705851026576],[104.178049220572703,18.47701279806197],[104.177878237700114,18.477056115744613],[104.177561391932855,18.47739929298416],[104.178004310027035,18.477618118819091],[104.178097106638219,18.477834287815686],[104.178020224214222,18.478193196540563],[104.177623469520753,18.478532637877922],[104.177056562672817,18.479050965057276],[104.176847533821729,18.479498540493456],[104.176506318323888,18.480044953110198],[104.176429264500456,18.480438878465307],[104.176502893075977,18.48076229071718],[104.176822078678867,18.48092522491066],[104.177314921706866,18.481228990495637],[104.177519574286961,18.48132590255743],[104.177685122391381,18.481431682129326],[104.178004524398645,18.481487293436608],[104.178399472769826,18.481525156941775],[104.178829739894098,18.48148522440356],[104.179113929010029,18.481599426608728],[104.179376758272426,18.481725956938668],[104.179525438244568,18.482140068238692],[104.179579281987657,18.482643011866617],[104.179520482494567,18.483181615473434],[104.179217166725422,18.483664940318505],[104.178763701139914,18.484039159984931],[104.178179416676329,18.484288541686883],[104.177821057072492,18.48445756883352],[104.177594109146966,18.484689302420517],[104.177535557540097,18.485173681506463],[104.177381818698194,18.485819193826689],[104.177359142681411,18.486662971993432],[104.177241962659181,18.487524408978032],[104.177032583616338,18.488044287676814],[104.176522432451819,18.488508627922275],[104.175785795934331,18.489106415138245],[104.175425923759832,18.48958948294727],[104.175009636772558,18.490108452064376],[104.174781639020139,18.490557074823872],[104.174647260457689,18.491112293691891],[104.174287032564209,18.491667657203365],[104.174266922985026,18.49197258216131],[104.174479882424379,18.492253676243369],[104.174691709611963,18.492401458716817],[104.175110462569734,18.492604363795671],[104.175712441930884,18.492625060750161],[104.176201896470573,18.492591041332094],[104.176536538961997,18.492620741338005],[104.17674698888878,18.492683787252716],[104.177009654446309,18.492846474180091],[104.177327828493731,18.493224042041355],[104.177307085155448,18.493601268519345],[104.176702751059324,18.494074236301397],[104.175780625764432,18.494088298569874],[104.174932022272216,18.493830424991348],[104.173980807584371,18.493491892164922],[104.172605389916981,18.49315940345388],[104.1718885722089,18.493568605579615],[104.170601782481413,18.495116286109575],[104.169067458882296,18.497227713146057],[104.168745874971975,18.497620558392523],[104.168733379659059,18.499167039812221],[104.168150235376942,18.499963160799144],[104.167503891741049,18.500482229509242],[104.164569794636222,18.501575256982392],[104.163763752145456,18.501877840177173],[104.163421521615405,18.502189248964591],[104.162767725020586,18.502471038827931],[104.161116828265378,18.502773259535648],[104.158446091007193,18.50332850124849],[104.158282806528547,18.503788682239147],[104.15816860056303,18.504079631308112],[104.15805468786904,18.504370581590603],[104.15831057038676,18.504709491988496],[104.158727038907287,18.505141751824439],[104.159046556008647,18.50560295154715],[104.158754362345277,18.506093064853189],[104.158302316019657,18.50639832490069],[104.157850423003751,18.506673085172611],[104.157303375535548,18.506670649302425],[104.156596349786227,18.506452861899341],[104.155953856807187,18.506173227250557],[104.155534728182076,18.506042571934699],[104.154957776845563,18.505861504768088],[104.154217733790546,18.505797195369556],[104.153476636617924,18.505947517107728],[104.153345451885912,18.506438341802678],[104.153246388112862,18.506959807396033],[104.153243066176032,18.507635339552369],[104.152716405256584,18.508062260863444],[104.152381759310543,18.50832849522201],[104.152370470923998,18.508337482059122],[104.152946151681505,18.509138742275592],[104.153522750885742,18.509693737104502],[104.154034527129681,18.510309441218578],[104.154032112483563,18.51080083622136],[104.153677760625527,18.510861385344825],[104.153133117407521,18.510367536245596],[104.152524704947965,18.509719769675318],[104.152172930546868,18.509257281495415],[104.151851602248371,18.509164339263851],[104.151472919158707,18.509297074296938],[104.151043979204829,18.509774130884018],[104.150752357238616,18.510142226061987],[104.150458593284256,18.511000590600329],[104.14997243704542,18.51167395452293],[104.149298459687799,18.512614200030079],[104.148642228952212,18.513195291598617],[104.148131161718979,18.513336457185726],[104.147337744471344,18.513762158475689],[104.147063031296,18.514238772320965],[104.146460252210403,18.514783948923149],[104.145901466224913,18.514756569593498],[104.144582665559369,18.514566474151035],[104.143647595922019,18.514900012994541],[104.142680239457746,18.515294407111142],[104.141776517872316,18.51575121293348],[104.140745076659215,18.51605380413254],[104.139970425676481,18.5165100597163],[104.139421061851607,18.516907464685406],[104.138872755806133,18.517150103862562],[104.137875271435647,18.517054057378733],[104.137163917654448,18.51769585379823],[104.136816475983593,18.518263624883875],[104.136514178651325,18.518920843459266],[104.137319423653693,18.518801384780545],[104.137995742999763,18.518712963745941],[104.138508401273711,18.519205581746355],[104.138757338543016,18.520927205104453],[104.138845398180962,18.522616466169222],[104.138518681605319,18.523596660588041],[104.13847962691456,18.52459624420348],[104.139192249583573,18.524060638819876],[104.139873505026117,18.522989417713813],[104.140260767948817,18.522807044679904],[104.141064647575703,18.522964332232249],[104.141867015026037,18.523427752874216],[104.142377854894562,18.524289752054177],[104.142499137831479,18.52579502828852],[104.14204333326731,18.526836777327553],[104.141940654478773,18.528012298071694],[104.14151645100236,18.528772902412815],[104.141333196648844,18.529601249128696],[104.141349822340004,18.530303982287208],[104.141695116596011,18.530880552059681],[104.141891104789877,18.531534392414208],[104.142244515462536,18.532029661474073],[104.143168899925897,18.532255272833908],[104.144001807432616,18.532303106581423],[104.145253169906439,18.531911122496261],[104.145900738730916,18.53195810969703],[104.145590546012301,18.533250180502147],[104.145521827860463,18.534031603074293],[104.145981119301894,18.534431327961709],[104.146905318908395,18.534699846338921],[104.147505393828865,18.535012085061084],[104.147827103810187,18.535454104951238],[104.147639001249757,18.536071189411487],[104.147080507718385,18.536686597815727],[104.146477354187553,18.536993404115389],[104.145830422940293,18.53681425522046],[104.145002932794711,18.536566499331542],[104.144553029634551,18.537373311510347],[104.144102704280741,18.538558556706157],[104.143812908209227,18.53919889513687],[104.144149921328392,18.539720071133836],[104.144935938112312,18.539855802235],[104.146183847011258,18.540169845190238],[104.147475839203182,18.540970971677176],[104.147381631350541,18.541278948644777],[104.146641794023665,18.541143436073511],[104.146055855637186,18.541260529497926],[104.145851164320007,18.541935147592589],[104.145845903047828,18.542993625951627],[104.145749135595494,18.543876591279947],[104.145468548818485,18.544449194916126],[104.144720878743897,18.544577981989722],[104.144354999614833,18.544973968833162],[104.144398855788324,18.54550398513129],[104.144719691259112,18.546123366333962],[104.145178088247505,18.547007716756774],[104.145866707902258,18.548158580016963],[104.146261896949923,18.549191754901017],[104.145956653307223,18.54978119026098],[104.145796449240123,18.550854784235927],[104.145796500389608,18.551202724694015],[104.145570977474108,18.551776704689043],[104.145154139535165,18.551820004579067],[104.144413832030679,18.551771464321281],[104.143903074715809,18.552122733664401],[104.143760687308188,18.552828131567203],[104.143538205585472,18.5533829198564],[104.142739098834994,18.553485485488569],[104.142045037002305,18.553482332479568],[104.141401862023272,18.554199005830903],[104.140921112244797,18.554410326080109],[104.140402454666471,18.554681344886745],[104.139822634345293,18.555043584653916],[104.139128342085058,18.555558939427566],[104.138548303879446,18.555905360701082],[104.138182051622849,18.556251626634985],[104.138052603804169,18.556733401782221],[104.138227944080313,18.557491081917121],[104.138296707100977,18.558599600011888],[104.138121270062655,18.559451696049525],[104.137799402591256,18.560217273877921],[104.136480665344294,18.560948915402413],[104.135569454007978,18.561840567514395],[104.135148226069404,18.56281015077538],[104.134632902519826,18.563999588248187],[104.134163383747207,18.565321401016416],[104.133231691757132,18.566508922579906],[104.132580212876235,18.567211971117427],[104.13179229312297,18.567429757476742],[104.130682445246109,18.567538742908077],[104.129755121332352,18.56750848910626],[104.128923464146212,18.567239176137733],[104.128183537896092,18.567103587632669],[104.12725809066832,18.567055255699575],[104.126653225858135,18.567670379132981],[104.126417385552656,18.568507497779205],[104.126274229630795,18.569346174937792],[104.125990241972829,18.570624768146203],[104.126058238732838,18.571866583228292],[104.12540263785975,18.57185789618363],[104.125028945805923,18.571792901960233],[104.124410955741908,18.571958354028215],[104.124267526756313,18.572558668787316],[104.123988012287725,18.572955015817541],[104.123199774251006,18.573171635647356],[104.122076169319001,18.5736431243885],[104.121237050558307,18.574022173993487],[104.120512202880803,18.574520366817833],[104.120412903024487,18.575057622644248],[104.120868073155734,18.576559935540484],[104.120494962829852,18.577132063772144],[104.119892524633102,18.577262551374353],[104.119291907190771,18.577038331680491],[104.11884877212168,18.57665443618896],[104.118325585831741,18.57588608075708],[104.117817202818259,18.575751532983759],[104.117067917046853,18.575990903506398],[104.117075205523804,18.576012401181814],[104.117627851481544,18.57692436663794],[104.117581637990725,18.578367854587267],[104.117927736153504,18.578961415999814],[104.117458666928812,18.579588445692362],[104.116987379084549,18.580589373675423],[104.116866918941682,18.58143718414582],[104.116376914681467,18.581699228681128],[104.115817430990333,18.581765514932624],[104.115199661269799,18.581133398394023],[104.11426836858918,18.581054466136386],[104.112867199072056,18.581469241331018],[104.11267642054311,18.581708960908013],[104.112903254422349,18.582343766984543],[104.112861777377788,18.582862087227443],[104.112433387814207,18.583118762729761],[104.111852512407623,18.58285507596748],[104.111271615848864,18.582594774342819],[104.110460654194355,18.581813746812529],[104.109799874815863,18.581995889926677],[104.109708579615656,18.582582883051298],[104.110063954396679,18.583440841743347],[104.109944100215088,18.584106772119931],[104.109593215706852,18.584438364190582],[104.10908876882911,18.584398704151504],[104.108509034601013,18.58391472931056],[104.107772400915692,18.583763260963817],[104.106878733680617,18.583907012625936],[104.105916646972844,18.583883246001715],[104.104986016300415,18.584413157616776],[104.103689020556473,18.584776392947745],[104.102971772267765,18.584995523521911],[104.102794320734048,18.58562729013828],[104.102830982933327,18.5860341390568],[104.103526513976774,18.586629387984562],[104.103602173225525,18.587000272984408],[104.10325135560781,18.587257295493472],[104.102202773436716,18.58740142040595],[104.101345949417393,18.587914719420539],[104.100023951459022,18.588352367856888],[104.099118935614584,18.58901679613464],[104.09889001549638,18.589294728476439],[104.098851902643148,18.589615369877563],[104.099065510711696,18.5905042978615],[104.099172346003215,18.591364475616757],[104.097775927121148,18.591304699621983],[104.095845759465419,18.590525025203107],[104.094616998055471,18.591133659516217],[104.091469248375887,18.591531209571034],[104.089408395347292,18.591995037053589],[104.087703502614133,18.592257519029733],[104.085784228788242,18.592789674650398],[104.083933387761178,18.593795916496124],[104.081729810581308,18.594394328573202],[104.079251312800139,18.595744997145598],[104.075535005289495,18.598018858383131],[104.073110720321566,18.6000374048092],[104.070826135523959,18.602462693443464],[104.065904440131945,18.606837659154515],[104.056400710726464,18.616782227772941],[104.051913840858731,18.62084547628271],[104.049917145950971,18.622459757895346],[104.049038448716558,18.623808804839868],[104.048794116017973,18.624492132084502],[104.048756860464906,18.625225076842685],[104.049601272621601,18.62700626577492],[104.050823739953302,18.627978275724033],[104.051800173900816,18.630050434943115],[104.052700501917627,18.631586763718911],[104.053585579288963,18.632028388882663],[104.054184587342235,18.633851720484358],[104.055169146741108,18.635548702502991],[104.055510279366928,18.638054624765299],[104.055421700738606,18.641235199468259],[104.055620477157078,18.643808085962061],[104.055775109766515,18.64756739114285],[104.05658192827687,18.649701180264302],[104.057921602043962,18.651399933675471],[104.059897340563779,18.65364330835839],[104.064629644491163,18.658201571131556],[104.065896978182153,18.660170632626105],[104.066746235881197,18.66281921350333],[104.067927660437562,18.665392182814244],[104.070262262391068,18.66679279208563],[104.068795300938888,18.668050665942303],[104.067060774185194,18.669686740146226],[104.060992106102603,18.674970072831837],[104.054650914748919,18.681453699399409],[104.051646243875851,18.684664634550497],[104.049106432255087,18.687814613040988],[104.047302309995061,18.689956185425988],[104.045823813674659,18.692059997166027],[104.045414375427342,18.692221356051217],[104.044964047409877,18.692465322910714],[104.044460539243531,18.693051296920459],[104.043987705679768,18.693716496272863],[104.043506839237338,18.694383915994891],[104.043087290578981,18.694792956865847],[104.042354800614561,18.695517830249607],[104.041553678400021,18.69611469983829],[104.040905107663747,18.69656436278213],[104.039310521695867,18.697289329127162],[104.03823496588906,18.69788477760979],[104.037914560804296,18.698155376070009],[104.037708545028863,18.698427688569041],[104.037555839014473,18.698809846137774],[104.037395649673059,18.699257485438125],[104.037143709860629,18.70031239414125],[104.036899596366084,18.701031843387998],[104.036609875903068,18.701535297659607],[104.036243418535719,18.701983001590904],[104.035938322121638,18.702322583680655],[104.03581638255487,18.702608877706691],[104.035518650152525,18.703112288771372],[104.035350942381839,18.703577961070071],[104.035304997138411,18.703997945117713],[104.035366209916646,18.704491906132809],[104.035358601911213,18.705206919459236],[104.035259416498192,18.705765573275034],[104.03535098158487,18.706185137208845],[104.035579734948527,18.706716108144978],[104.035778279255496,18.707137349857287],[104.035778122832639,18.707531588030946],[104.035534109238569,18.707968626993559],[104.035419522141424,18.708157814276813],[104.035000038531905,18.708390615018661],[104.034435258750989,18.708580872280965],[104.033733433606727,18.708690220071404],[104.033283213079187,18.708853951309699],[104.032939961730179,18.709071327668056],[104.032413631060876,18.709590499439013],[104.032100561141803,18.71002491761698],[104.03185662021319,18.71044613479982],[104.031673299210311,18.710839429971486],[104.031650604595711,18.711234677046722],[104.031696286557576,18.711642708983547],[104.031864275954391,18.712226462311705],[104.031963266669919,18.712538747590678],[104.032253405484667,18.712958206560181],[104.032627096052394,18.713433449971561],[104.032863670914523,18.713785983810808],[104.033100028808448,18.71407412573603],[104.035610270674042,18.718375113773334],[104.037511341697183,18.719383682733415],[104.039301263627394,18.71983566419723],[104.040690738815741,18.720665114719356],[104.041747935802576,18.721556114701347],[104.042737685928003,18.72263653443261],[104.04367482128815,18.72334839567344],[104.043773890408218,18.723809784611209],[104.043979936650729,18.724275115886055],[104.044010486142142,18.725378913414755],[104.044216456559326,18.726120996355853],[104.044506500098478,18.726830752925672],[104.044887696938844,18.727301491555146],[104.045330242548033,18.727719447841331],[104.045826256986174,18.728065381601397],[104.046573822457418,18.728271393839048],[104.048488982262455,18.728677634506177],[104.050404014063744,18.729214886406414],[104.051250868331223,18.729527568662871],[104.051723832820571,18.729812370818838],[104.052120719968329,18.730183769705445],[104.052364848459163,18.730576983869593],[104.052517341501954,18.730870326713173],[104.052624127137435,18.731228962262403],[104.052639497575058,18.732671568857608],[104.052540131143488,18.733163583001122],[104.052387752714679,18.73359206969614],[104.052189375745584,18.733818124083875],[104.051884183112719,18.734010870727424],[104.05152562498354,18.734099424685702],[104.050983853967878,18.73419156985722],[104.05072435665133,18.734269326087272],[104.050434488563297,18.734528799588439],[104.05029730992176,18.734836495201137],[104.05064804327067,18.735353381412963],[104.051479832749962,18.736355056716388],[104.052013748204146,18.736928223722224],[104.052936877174204,18.737603892037512],[104.054277755007206,18.738723851209581],[104.055123965273651,18.739715410476425],[104.05571413112861,18.741046772678001],[104.056515274890828,18.74357960992452],[104.058325739055149,18.749030239450398],[104.060153720129406,18.754669250572803],[104.060534965849229,18.757770727805184],[104.060521659374004,18.760174403350046],[104.060566416557535,18.762897385415396],[104.060233277852305,18.764284616072228],[104.059497220716281,18.765293016645636],[104.058693699847566,18.766490841773372],[104.057019159741557,18.769075908856539],[104.05574688414238,18.770967174391014],[104.054740208330529,18.772859769829566],[104.051717564437766,18.778980302806051],[104.050572657258598,18.781821009537094],[104.049891528787512,18.78485383898915],[104.049694445085763,18.788874543826211],[104.049387604981931,18.791809435296461],[104.049372339148263,18.794529363927207],[104.04935529511819,18.797565563244767],[104.049414253859723,18.798894237509472],[104.049999941360667,18.801047922247381],[104.050783840133235,18.803392379915952],[104.051572717823319,18.804851277960761],[104.053025459511574,18.806376796072264],[104.055694607463906,18.808891964659633],[104.056382196465435,18.80858933023265],[104.057511329317933,18.808453825579093],[104.058892177197848,18.808753375401761],[104.062302595243466,18.809914867858506],[104.068612429281927,18.812590959866107],[104.071061625582544,18.813146528104724],[104.075028980318152,18.812823965421586],[104.076448042161672,18.812163370688385],[104.077668991180332,18.811723209622667],[104.078721791187945,18.811500218367577],[104.080133377362216,18.811232684806082],[104.081575307160207,18.810180182789843],[104.085939588290771,18.805148708086083],[104.086954133815667,18.804533491512245],[104.088457405579575,18.804570219243772],[104.089418691085896,18.804260866584315],[104.09903962410651,18.797938589259381],[104.100809621702126,18.797102150280757],[104.102228864807358,18.796704563606568],[104.104258278797289,18.796433024185003],[104.105997958808928,18.796730557559787],[104.108599692557789,18.7976354257843],[104.112078944136329,18.799668437652461],[104.113635321002462,18.80105627341781],[104.115298674640755,18.803030883849669],[104.118464738050989,18.806416755800281],[104.119693239457746,18.807805254265112],[104.12176841218205,18.811938269916759],[104.123050323962687,18.8136760562845],[104.124515141997847,18.814977524515378],[104.126621077538459,18.816406235599349],[104.128414071429987,18.817108236207993],[104.130794388169221,18.817445808369918],[104.131793909154624,18.817834548736467],[104.133037503478945,18.819093126680297],[104.135929277737389,18.823176698423758],[104.137554425756548,18.825059445359162],[104.138706472114208,18.825446596676144],[104.140934392398947,18.826091739861738],[104.143971031690839,18.82769173567117],[104.146480944789872,18.829772785037814],[104.148045023515749,18.831568192843182],[104.148701196238349,18.833135766495964],[104.148838575030823,18.835009369605],[104.148617340333061,18.83653451758137],[104.146435336781266,18.841208100679854],[104.145771602213088,18.84353666402097],[104.14532125862344,18.845370292904317],[104.145329029030094,18.846764326011833],[104.145931612230513,18.848025521942862],[104.149700634809051,18.854365455977291],[104.151844802132672,18.857713363003569],[104.154507451417075,18.860140681025641],[104.160481376284267,18.865971900686159],[104.161671623564459,18.868228668305022],[104.163044993185082,18.871013802040146],[104.163518107126009,18.873060608167528],[104.163480029578807,18.874935669721086],[104.163441818532235,18.876896582616094],[104.16378504084021,18.881027017619083],[104.164441382159225,18.883944481779825],[104.165591227971333,18.888261545074609],[104.167020098110513,18.893625902440114],[104.167302331923494,18.894933043069805],[104.167615181338164,18.89562918790336],[104.168439142516817,18.89592997915349],[104.169592907204517,18.896080923748436],[104.169966847112534,18.895643166813326],[104.170332989318894,18.89509918487612],[104.170577070825047,18.894879997072174],[104.170897423620644,18.894776369281498],[104.171912286061627,18.894748133921894],[104.172393049578915,18.894666681172694],[104.17273633279477,18.894485211875814],[104.173056682960876,18.894082225757252],[104.173140729830166,18.893703043642173],[104.173132992443044,18.893285043760056],[104.173041506348667,18.892942356049154],[104.172888721008718,18.892516930290235],[104.172881235065802,18.892107968579172],[104.172980543673049,18.891762741630266],[104.173323867993048,18.891209619782195],[104.173568024303293,18.890731740239541],[104.173903682226452,18.890531024346917],[104.174247018031679,18.890457992709006],[104.176833390316631,18.890382480445123],[104.177542971971803,18.890343827954982],[104.178199072999988,18.890262002877158],[104.178946734512849,18.89008117621114],[104.179557140898737,18.889816147592509],[104.180388733776098,18.889398461283019],[104.181006611990796,18.889243032904997],[104.181548314967188,18.88919571605495],[104.181876631632193,18.889342882668181],[104.182311502239173,18.889666741958891],[104.182692837255942,18.890138352155244],[104.183082053885059,18.890454099745131],[104.183600724253679,18.890689086497304],[104.183997568215872,18.890839938431551],[104.185843731673771,18.891000534862002],[104.187186726591236,18.890971391775633],[104.188102311762648,18.890853394193755],[104.189017786280345,18.890633718526718],[104.190002039861156,18.890180505964029],[104.190436750685592,18.890107842243363],[104.191016604615015,18.890023383073],[104.191550859526842,18.890042653469298],[104.191863518301815,18.890178441888583],[104.192184060907636,18.890465633239035],[104.192458620951342,18.890936754916456],[104.192817306951227,18.891497484955053],[104.193183398972806,18.891814244925129],[104.193519185386464,18.892016778983017],[104.193900567532012,18.892115580477668],[104.194793254102237,18.892133006765736],[104.195510543935598,18.892159835675763],[104.196403111702665,18.893073055068864],[104.19693734817244,18.893410869201087],[104.197219628014423,18.893510364609181],[104.1979596965366,18.893554228172427],[104.199020176026764,18.893416467701844],[104.199439671408271,18.893423923034991],[104.199721945376965,18.893588934823082],[104.200057711698534,18.893922496731602],[104.200179865777741,18.894315006464261],[104.200294245981453,18.895158210840858],[104.200462166429844,18.896098796466227],[104.200873980316189,18.897040431640459],[104.201270726956452,18.897594528527904],[104.20172096997004,18.898128524469946],[104.20197283238808,18.898387165471199],[104.203338521506481,18.898278930892978],[104.204261593983802,18.898341628744234],[104.20510085883879,18.898431071401511],[104.205604389188636,18.898366575493228],[104.205863855906756,18.898148533644292],[104.206039177224014,18.897839760496169],[104.206108030641204,18.897332843920605],[104.206107927870789,18.895593195430529],[104.206199450729542,18.895438823360923],[104.206398031933787,18.895358337007842],[104.206619021894923,18.895307318628753],[104.207092323991972,18.895547691305222],[104.207717814192307,18.895980751942833],[104.208351030832247,18.896414975823866],[104.208732597708732,18.896604119740196],[104.209403834142847,18.896775293164488],[104.209549046948609,18.896939711905254],[104.209617420558416,18.897228062819327],[104.209663320043063,18.897500499506499],[104.209823621982096,18.8976717582714],[104.210342495518375,18.89775190906645],[104.211753883710742,18.897702546149596],[104.212112562454863,18.897521068264055],[104.212387111787322,18.897312117163683],[104.212738168857811,18.897048135325328],[104.212931772928357,18.896951807661729],[104.212982336861188,18.896926038145523],[104.213302505773584,18.896985009134298],[104.213783262961684,18.897157616237635],[104.214408866740527,18.897382801723989],[104.215423543077094,18.897524905546433],[104.216178930115476,18.89766026138804],[104.216751173335538,18.89787617691837],[104.21706412085048,18.898086481779149],[104.217327519746178,18.898421965415395],[104.217352297012042,18.898453701643923],[104.217224240794025,18.899129819956009],[104.217262413313861,18.899854083439539],[104.217353826093998,18.900677979894269],[104.217597996143311,18.901705852944165],[104.218078797409675,18.903468994555741],[104.218589790518791,18.905504507247244],[104.218834160546535,18.90668488241721],[104.219124056109706,18.90860311024128],[104.219383397786387,18.90962765564052],[104.219841178138125,18.911435880655933],[104.22010825030587,18.91354605026963],[104.220039477508777,18.914491270993391],[104.219787816840693,18.915071982410741],[104.219451953492168,18.91544335355233],[104.218902611578628,18.915716678647037],[104.218170155960053,18.91586270658949],[104.216827516299077,18.915836714490947],[104.215583944903784,18.915693652832633],[104.214080802652191,18.915404886654017],[104.21318047168036,18.915344591126164],[104.212799117865941,18.915416399008414],[104.212577920145108,18.915571352780212],[104.212509071366185,18.915825232189196],[104.212532181997716,18.916023018519954],[104.212684781096826,18.916259759026378],[104.213012655637073,18.916520969339775],[104.213691816687046,18.916729438681223],[104.214424149646277,18.917053358616378],[104.214683580618029,18.917227288608281],[104.215171962762611,18.91787663786096],[104.215820442896757,18.918685945373902],[104.216362016264739,18.919319701316901],[104.21748351319907,18.920259775719394],[104.217742907675003,18.920698042459716],[104.217849930401073,18.921104031570277],[104.21785739521134,18.92128593733905],[104.21781162060141,18.921621250237774],[104.217582870203145,18.922120716277096],[104.216903725952974,18.92317632693609],[104.216629101994528,18.923329931082502],[104.216217161000401,18.923402749573903],[104.215972935211497,18.923402846998556],[104.215568700703045,18.923287044530589],[104.215248119259371,18.923240503918684],[104.215034587962421,18.923276877512038],[104.214897098529562,18.923358762670865],[104.214798150882743,18.923513103320293],[104.214874211012273,18.923812781962035],[104.21498117156743,18.924102421761088],[104.214943082232395,18.924824100965566],[104.214798091256057,18.925050547520101],[104.21442404954955,18.925268116312733],[104.213882510754942,18.925449953423378],[104.213279771795897,18.925643956492657],[104.212432847087626,18.926206317926791],[104.211494513880425,18.927023582206399],[104.211013683221879,18.92805177211973],[104.210472154331896,18.928985938506724],[104.209907535425017,18.930030714886314],[104.209632761086283,18.930340194984318],[104.209472595599635,18.930383569646995],[104.209281976002899,18.930339828516477],[104.208892715376294,18.929941665015626],[104.208404458773359,18.929579227890695],[104.207977077233807,18.929462182086212],[104.207519440363257,18.92952800956671],[104.207023438868703,18.929739392780526],[104.206779415902503,18.930008333784325],[104.206489435357739,18.931022636294635],[104.206062177176307,18.932636195508888],[104.205756869735879,18.93375097038885],[104.205398257912847,18.934340238775121],[104.205139028827105,18.934557145982136],[104.204849070533072,18.934684683282857],[104.204399058913737,18.934831868270695],[104.204200511740424,18.934957535386729],[104.204078517022353,18.935211178007886],[104.204108983137075,18.935610072817258],[104.204177805870472,18.936430486283317],[104.204070854173708,18.936955310109823],[104.203887635315951,18.937291156108863],[104.203406954029461,18.938395008210414],[104.203292518389716,18.938994352598819],[104.203262250018795,18.939745431616739],[104.203330850889927,18.9408618063134],[104.203498517867089,18.941742514821808],[104.203674185659793,18.94224934573694],[104.203910626227469,18.942646863428653],[104.204230975801821,18.942936296581099],[104.204749914223797,18.943279674671757],[104.205428821289445,18.943813511355629],[104.205993446984266,18.944414641016266],[104.206138518029022,18.944803856480586],[104.206229988023978,18.945356641679599],[104.206207270684232,18.946081770816324],[104.205993580263197,18.947273753041802],[104.20628331968328,18.947260308133213],[104.206527621676059,18.947439834537402],[104.206687646784204,18.947554612582923],[104.206947067710828,18.947613332835644],[104.207328617508693,18.947578815820936],[104.207710008219962,18.947452799400445],[104.208137387942571,18.947264845778552],[104.208404572054619,18.947251301231063],[104.209098864567096,18.947297188148742],[104.209503062453322,18.947496599186813],[104.210021964478855,18.947790258022888],[104.210578980370812,18.948311131371856],[104.211578470790556,18.949224744402329],[104.211952292919179,18.949635262596356],[104.212127556117466,18.949982804548132],[104.212188646646851,18.950436050873993],[104.212242170330569,18.950985283360666],[104.212333579453002,18.951365229239258],[104.212478610549923,18.951640345595582],[104.212684635320798,18.951758702972263],[104.21298225657857,18.95183791163678],[104.2132339497456,18.95183785206352],[104.213501042991439,18.951781374657624],[104.213699460204694,18.951496417749798],[104.214088569297985,18.950989731124448],[104.214309789043853,18.950715035975431],[104.214599507002504,18.950453054919436],[104.214881979841408,18.950280286874861],[104.215377901459107,18.950098255908131],[104.215828056118397,18.949991715840348],[104.21653746071199,18.949917901082323],[104.217392107787887,18.949949749535541],[104.218101716876632,18.950089427887004],[104.219200129367749,18.950482656347685],[104.219734393966149,18.950608036197288],[104.220077555142495,18.950659181452206],[104.220329316690538,18.950707686089398],[104.220444016448184,18.950806448863961],[104.220482050005643,18.950926350608157],[104.22045914556206,18.951193978971702],[104.220352338506515,18.951374271346467],[104.220153875047359,18.951481882100296],[104.219818342951285,18.951575357504765],[104.219543500400874,18.951702980578478],[104.219413800284812,18.951831214375165],[104.219314660737993,18.952022835673198],[104.219314694899708,18.952271358326314],[104.219337554695414,18.952524492935652],[104.219520600633629,18.952797504034152],[104.220459108055152,18.953629481246566],[104.221641717450979,18.954500882244059],[104.222191133322283,18.95500813730596],[104.222404791838969,18.95534001814508],[104.222549770888406,18.955822984261271],[104.222610572515009,18.956857988371034],[104.222694621574405,18.957037954466966],[104.222824202207519,18.957131129184212],[104.223037781813545,18.957158003574904],[104.224487552496285,18.957003667853961],[104.227478203701722,18.957018416400029],[104.230087671911434,18.957049603527437],[104.230522406473668,18.957074004294821],[104.23093451810881,18.957238382103466],[104.231422960224862,18.957523946274438],[104.232399441033735,18.958571785190735],[104.232681608278611,18.95879097168033],[104.23291810269474,18.958871024623594],[104.233337740453976,18.958950706191676],[104.233742207747724,18.959037105567948],[104.234108442303679,18.959240824319291],[104.234634865814442,18.9596609664579],[104.235199521051129,18.960290245985757],[104.23580980418005,18.960743490594005],[104.236359013761316,18.961247316420501],[104.236519233039616,18.961522482286679],[104.236702561243703,18.962003331734419],[104.236923704735148,18.962261802666621],[104.237228856105034,18.96245509901043],[104.237579918944931,18.962473489232188],[104.237923197963596,18.962374361276225],[104.238648028349658,18.962118652508746],[104.238884563529695,18.962125272351919],[104.239144014318313,18.962186209725665],[104.239762052407002,18.962503917397985],[104.240044334096993,18.962699370156713],[104.240288423132526,18.962744428871488],[104.240738444051544,18.962737236117317],[104.241127681555682,18.962649587814294],[104.241425295058747,18.962475712582499],[104.242165118634674,18.961920694031498],[104.243149542138269,18.96103343113543],[104.243507981963916,18.960732148334781],[104.243912363596991,18.960511259640946],[104.244354935885241,18.960377507415597],[104.245232422497097,18.960295228349409],[104.246468218026948,18.960334149993244],[104.247208411058608,18.960286323143663],[104.247383951833029,18.960326572736793],[104.247498161331706,18.96040611070811],[104.247780588449587,18.960772135127044],[104.248162137875639,18.961404021425178],[104.24845962706955,18.96152045543651],[104.248795311766372,18.961592980443847],[104.249161518024579,18.961544762860644],[104.249962626378377,18.961283669970303],[104.250588274669568,18.96123084571434],[104.251038354489936,18.961275594426482],[104.251435027629071,18.961450031012255],[104.251862512956649,18.961903618045888],[104.252289705231263,18.962556015997258],[104.252518570827135,18.963021225287537],[104.252701794091962,18.963202707500457],[104.252968584997788,18.963282856570334],[104.253472191846868,18.963307477189343],[104.25380798578594,18.963221850586375],[104.254090365032752,18.963200392734791],[104.254319253609253,18.963260057303877],[104.25450219474051,18.963439275564685],[104.254898883883342,18.964146900443112],[104.255181388376769,18.965032546849176],[104.25536435139604,18.965340544889681],[104.255661930136213,18.965707747508954],[104.25629503681148,18.966320298383383],[104.257218222463877,18.966848155481454],[104.258179567475523,18.967274496406212],[104.260285391838423,18.968134667416575],[104.260613646662193,18.968416133623201],[104.260834723295716,18.968767204321736],[104.260888216419744,18.969158274416873],[104.260888198254975,18.969700507193327],[104.260781211174688,18.970737095344813],[104.26061353134412,18.971335138456411],[104.260261271515304,18.972054442431212],[104.259926673328835,18.973277644374651],[104.260221868314702,18.974189317857032],[104.260817926674321,18.974731665470287],[104.261416031510763,18.974876389598837],[104.262103789419044,18.975021464515216],[104.262688809197556,18.975105128874787],[104.263352509233428,18.975254624729534],[104.263779900873189,18.975405439228027],[104.264138421534369,18.975626015380492],[104.264504473621997,18.976025103946661],[104.26487841907911,18.97638355770442],[104.265488751628652,18.976923690917953],[104.266175309757159,18.977818829561794],[104.266625682324062,18.978692704164903],[104.266831669280705,18.979445863268847],[104.266915646942138,18.980268575385171],[104.266991668684696,18.980872108218371],[104.267121539888308,18.981179885104893],[104.267678397373984,18.981803395498183],[104.268204953979364,18.98250134117481],[104.268410972889626,18.983114420783586],[104.268494858925351,18.984095287633941],[104.268704010411739,18.985214463322269],[104.268185363130314,18.987462665041789],[104.268029519385649,18.988885403748341],[104.267846175778189,18.989738690335759],[104.267634345796381,18.990250712016312],[104.267300757960811,18.991245736682263],[104.267295776196207,18.992384399746001],[104.267893374725304,18.993066809987738],[104.267921445971183,18.993098552895439],[104.269054810838711,18.994013526655841],[104.26958929015467,18.995014242190003],[104.270096536002953,18.995384506125987],[104.270318270769096,18.995871129736312],[104.270330528486966,18.996668705491924],[104.270207859464435,18.997294043958476],[104.269700293120238,18.997608345364878],[104.269379840218349,18.997767487939253],[104.269044262980685,18.997856534045138],[104.268731262427451,18.997943407667606],[104.268410905618993,18.998149999369595],[104.268181925184621,18.998370501345928],[104.267731762756569,18.999134619741501],[104.266984159278365,19.000428488397745],[104.266518846578833,19.000853652988106],[104.266190824739923,19.001247725523267],[104.265740626046039,19.001541907521336],[104.265244704936279,19.001971460325425],[104.265168299918997,19.002332640805506],[104.26538972048192,19.002753748365745],[104.265839840665336,19.00322320942055],[104.266488385865586,19.003603081327753],[104.267075589000257,19.003890079948377],[104.267708572994266,19.004502594375289],[104.268246606146818,19.004967877474964],[104.268288747703409,19.005785905034152],[104.267625193190028,19.006119912368426],[104.265908406556079,19.006070181667187],[104.265481255521109,19.006183707525565],[104.264825123164428,19.006919887673867],[104.264603818314498,19.007822723500468],[104.264550278278833,19.009128375141529],[104.264161097294448,19.010529843164427],[104.263825512697991,19.01115432808971],[104.263261036236429,19.011904419381501],[104.262635296814807,19.012475783822435],[104.262093627831533,19.012832850607982],[104.261574930871092,19.013097372388227],[104.26104835090139,19.013196936291767],[104.260254919445188,19.013146322252368],[104.259682647608884,19.013037842833945],[104.259243358783081,19.013203272019506],[104.259453842284614,19.014216273986488],[104.259888648964832,19.014726353292136],[104.260148142962407,19.015335137592682],[104.259984206216018,19.016751048655291],[104.259842866975035,19.016953819866835],[104.259438545443842,19.017537351456564],[104.259034221981537,19.018120885648202],[104.258439198106515,19.018920544720636],[104.257843943472878,19.019837682313032],[104.257248759533681,19.020937820443809],[104.257142083350971,19.021423133854835],[104.257134253149189,19.022182222555827],[104.25734790677042,19.023082272949338],[104.257454912603635,19.023859896311496],[104.257470108309448,19.024650703659898],[104.257294721538685,19.025429448684285],[104.256810405062467,19.025831913938891],[104.256852211676332,19.026982051322602],[104.256478154591548,19.027427884237678],[104.256180563638878,19.027774615992083],[104.255814522111834,19.028288255257468],[104.255600712844682,19.028956142365757],[104.255410109431736,19.029416264776071],[104.255043781063549,19.029792085291451],[104.254448928624456,19.030205395174381],[104.254128219412408,19.030606252547155],[104.253868826253353,19.03110676050834],[104.25367054293929,19.031754372268733],[104.253548416837688,19.032634994892526],[104.253464480507674,19.033344067743592],[104.253517871167361,19.03388876849975],[104.253624853480218,19.034271021676144],[104.253708611450023,19.034998846212776],[104.253798095166147,19.035253881259614],[104.254957897934801,19.035809825497918],[104.25554785377966,19.036573900300361],[104.25607956530088,19.03726253317696],[104.256430260003896,19.038065983203388],[104.257048270747759,19.039726768210837],[104.257750213977815,19.041080629094822],[104.258238578504674,19.041848480988605],[104.258681185030753,19.042622925747164],[104.259138730789118,19.04398031881507],[104.259161688639324,19.04536533785998],[104.259489782281904,19.046584395595566],[104.260504561872466,19.048391353194003],[104.260924328731434,19.049165701369169],[104.261169437767265,19.05014946087196],[104.261404968667804,19.051083477980399],[104.261404810806908,19.051991699929097],[104.26126749164456,19.053224706251932],[104.261168395608181,19.054812568985703],[104.260825053062447,19.056426564270986],[104.26082493726409,19.057391263625185],[104.261252121171637,19.058373496136486],[104.262145027154304,19.059081957507228],[104.262442471472937,19.060190183428094],[104.262259462360333,19.061680562203851],[104.261877937031841,19.062659554083396],[104.26206862554622,19.063932278940641],[104.262869787422432,19.064976999722052],[104.263178621688979,19.066064936414463],[104.26356409827892,19.06741977095384],[104.262648369010904,19.068301741137759],[104.262488296223381,19.069371988680587],[104.262215455407031,19.070218118468851],[104.262967172785309,19.071301048587362],[104.263228212670057,19.072519830640442],[104.263197744534324,19.073432448214859],[104.263274870568054,19.075000679650344],[104.264408432746507,19.075312464146595],[104.265601046335433,19.075233625698267],[104.266859882296473,19.075292857476249],[104.268149348302359,19.075885386928235],[104.268660576359579,19.07729719180773],[104.268492615249087,19.079155893627586],[104.268637479007367,19.080258985447003],[104.268881776960171,19.08212384071831],[104.268889346712811,19.083038869292029],[104.269071266285039,19.08409240385776],[104.269444441098443,19.085223511083161],[104.269656179197142,19.086252311393487],[104.270462759217821,19.087179541460074],[104.271214158093912,19.088364105042835],[104.271208760433268,19.089597636957482],[104.271257425424309,19.090831382534784],[104.271630471627702,19.092066410594935],[104.272654389646874,19.092687232090384],[104.27335333237194,19.09351235882168],[104.273943336820395,19.094592349524106],[104.274410233141239,19.095906816069682],[104.274888520496276,19.097063178484099],[104.275408785682401,19.09813159391793],[104.275815700163719,19.098966859114903],[104.27645660143844,19.100715781576401],[104.276816733157801,19.101928156318088],[104.276812950866542,19.103003546380762],[104.276808749086101,19.104243860184788],[104.276320518844642,19.105434827863284],[104.276483302638923,19.107010166878588],[104.277109909300663,19.108774845259756],[104.277552767174853,19.10968706238851],[104.278304539720523,19.110819637277974],[104.279057427883004,19.111696918075868],[104.280570577316155,19.111752541394289],[104.281134820762645,19.112631335958781],[104.280738046095337,19.113766190298225],[104.279799763072461,19.114532926590115],[104.27904424674729,19.115149003902722],[104.278578936891421,19.115983103780529],[104.278227893105878,19.116980316505039],[104.278075414500577,19.118432416753212],[104.277754996835313,19.12078981680359],[104.279303619329781,19.120768777571314],[104.284690158081474,19.118155506357692],[104.287207846248876,19.117525905951542],[104.290671637190499,19.116165661105914],[104.291465162483291,19.115127200352529],[104.293258079113471,19.112698613672364],[104.294524487798967,19.111603212555877],[104.297690804401768,19.113316542059586],[104.298835269876705,19.113727571824178],[104.300208609889992,19.113055019901449],[104.300773345935923,19.112146683828996],[104.303878358990588,19.10211602615037],[104.304168239489954,19.100142524096032],[104.304374418271607,19.095021547237469],[104.30512215884157,19.094231366512513],[104.306182466617287,19.09349658227088],[104.310432231369845,19.090555153758107],[104.312515049242421,19.089510116467792],[104.31764971656537,19.086809036929903],[104.33250457390136,19.079035034753826],[104.336769261605866,19.076764032625263],[104.338531815601598,19.076325285613915],[104.341690472114692,19.076171662695639],[104.344665957584269,19.07584111025195],[104.346275588499523,19.074852738111037],[104.351410498379195,19.071608458385747],[104.352989858390984,19.071894158152766],[104.355911720956215,19.072887177730635],[104.359009434503122,19.073578018102939],[104.362045839015238,19.073608881524201],[104.364014305669244,19.07437254437416],[104.365402951713364,19.074598739433792],[104.368294463819964,19.073366056018006],[104.372750109916282,19.070308622340384],[104.37512293004886,19.068116120795633],[104.377106545244018,19.064903328602099],[104.378930248487407,19.06258013847334],[104.380570335277696,19.062020826951002],[104.382775337770667,19.061456613358434],[104.386246734960835,19.060819773663994],[104.390397377557562,19.05993433043631],[104.395371823618405,19.058077732365739],[104.398637147275807,19.055996282600859],[104.400376802322469,19.053810412536823],[104.400483544855149,19.052536508181433],[104.400025823708816,19.050734350243633],[104.397660617066776,19.048589339725151],[104.397775141070412,19.047385500674835],[104.398057325394774,19.044241459379762],[104.397874169828498,19.039607012545979],[104.398316797282078,19.038578208334876],[104.401666201137772,19.03570394481639],[104.409875588675192,19.029779310029948],[104.412683274381109,19.026738173792776],[104.41448376519557,19.024251855790311],[104.417260866051166,19.019882064733022],[104.418763909272243,19.018784246770164],[104.420511057230428,19.017501916662731],[104.420812194448203,19.01715889974777],[104.421205347230099,19.016711068375241],[104.421457157765261,19.015505376396241],[104.421045001566753,19.013280908918173],[104.419343733728667,19.008117530872337],[104.419450591720988,19.006671896640576],[104.42234217491702,19.00573881037964],[104.425882391975435,19.005521640840247],[104.428766310516451,19.003686955709281],[104.431970603085261,19.000429827945378],[104.433466070958715,18.99903362653296],[104.436334702393523,18.997890127441128],[104.439157579623725,18.996656070701707],[104.440431661078975,18.995647745142637],[104.442331632344363,18.993285690258865],[104.444742529185831,18.989833898288364],[104.446787111508641,18.987427046561713],[104.448618319568382,18.9865039189512],[104.450525765068917,18.986319803953357],[104.452761061691746,18.986832522615924],[104.458521356049459,18.989599072684339],[104.459986108536569,18.990726246917909],[104.460856161055418,18.99159411405331],[104.462092103775532,18.991500558517149],[104.470827701889874,18.989153424013971],[104.472231703599633,18.989234261255358],[104.473704099364198,18.990230310290929],[104.476008228726585,18.994405331882231],[104.477976648774018,18.99849353591889],[104.479472162348614,19.000296191003386],[104.483996507532893,19.005356247130202],[104.488131589513443,19.003325296242085],[104.494914186400436,19.004401317472361],[104.496378997175384,19.004748739197851],[104.497431934005888,19.004618285070428],[104.499995706639481,19.002953313347614],[104.499995505202477,19.000336990380266],[104.50300164429882,19.000340574502754],[104.50626712817963,18.997979250048555],[104.507106215179363,18.9964541536566],[104.506808547797732,18.993886748098262],[104.51156936625955,18.983558284657658],[104.512492685095452,18.982322580370351],[104.514178698334817,18.981782504935996],[104.518962477345355,18.981480956996229],[104.521304935766778,18.980703017763886],[104.523113088764234,18.981563988625147],[104.526027534140553,18.982592690207898],[104.530086255425985,18.985393355123566],[104.531284067464739,18.985001008191063],[104.53434351866521,18.982607021625036],[104.536159480414895,18.981540640759619],[104.537815194001865,18.979043660736831],[104.542843061616949,18.975517967966162],[104.544284795335514,18.973160478310056],[104.54522335758756,18.967396867181517],[104.544689343426072,18.958533161762311],[104.547428306457505,18.953213390225656],[104.549419757343188,18.950975808568149],[104.551655151003231,18.948065499015872],[104.5543178223311,18.946291526110819],[104.555653075061343,18.944870190626233],[104.557483982502632,18.941641392883643],[104.560528137160446,18.940448897749274],[104.561985425579991,18.938969059082801],[104.564646336503799,18.934401342175516],[104.565029550310683,18.933743479918995],[104.565205128934181,18.930578500268151],[104.565998648662543,18.927621686493687],[104.56795923505274,18.924590772175229],[104.571179069305785,18.92120620687022],[104.572277542728187,18.920051489842315],[104.572628623505835,18.918413109988691],[104.572369200317965,18.916450231175752],[104.57272027258135,18.915395903229893],[104.573574588960028,18.914711011570184],[104.576306097206441,18.913345811600376],[104.577503851992333,18.911548932858562],[104.578366131194144,18.908736816133683],[104.578770511862373,18.905687549601858],[104.578777937503148,18.903787414324672],[104.57916729411987,18.902703786239076],[104.579983594131448,18.901996182537111],[104.581417793785192,18.901721512851882],[104.584164371120877,18.902312863458658],[104.587719743297413,18.903802951230055],[104.588940559462216,18.904028206792226],[104.590840399580927,18.903485625527928],[104.595090123411339,18.900207507232412],[104.597355897940815,18.89849415525866],[104.60012542899733,18.897420140328016],[104.604916906107178,18.896680265210453],[104.609494541803215,18.893578738119469],[104.61148595402959,18.89300676224109],[104.614690222321315,18.893390752246965],[104.616254382968052,18.893582648231153],[104.616720163988433,18.893353775948672],[104.618733862952467,18.892364282687172],[104.621724748514637,18.891580721136084],[104.624814662108719,18.889216876353746],[104.626981469479404,18.88858520754173],[104.628530123680861,18.887580598939866],[104.629125306189181,18.886376401025522],[104.629300796111238,18.884564709992297],[104.627767392439125,18.881761089705126],[104.627385738565025,18.880326740091263],[104.627744347473183,18.878892724674149],[104.629880505236073,18.876612721848595],[104.632949042804697,18.87426983509847],[104.633756340569192,18.873660560502902],[104.634870386586343,18.872569192815337],[104.636434331637545,18.870307181106927],[104.639180932091364,18.869086795652411],[104.646795368279328,18.867975083567597],[104.651121388591534,18.866593704371944],[104.651711126109149,18.866253666087964],[104.651902615182649,18.865698058997296],[104.652547583346092,18.865173856761889],[104.653042376999608,18.864988697952992],[104.653421920684977,18.864934675106628],[104.654192572588101,18.864793810600389],[104.654939958790834,18.864784251626535],[104.655169872135545,18.864806569679828],[104.655438464284529,18.864948670080221],[104.655709692911103,18.865092164692339],[104.655974413100253,18.864961302278687],[104.655974680973827,18.864829950892744],[104.656056361153219,18.86461098855753],[104.656252147483769,18.864086136137612],[104.656563971225637,18.86340806022087],[104.656783431737054,18.862915895311918],[104.657798499941393,18.861308702814323],[104.658202625779225,18.860466603472588],[104.658353047758013,18.859996201674019],[104.658388847920889,18.859350453461342],[104.65845827624203,18.859131660858559],[104.658895580416598,18.858935434561864],[104.659551380217465,18.858717714874707],[104.659735737442645,18.858521023872338],[104.659931790227006,18.858225840026293],[104.660288828568909,18.85792000374251],[104.660737404907522,18.857833253613869],[104.661266396919444,18.857779486720268],[104.661852678387064,18.857824336404395],[104.662496863333345,18.857661315131743],[104.66292272730891,18.857432220474688],[104.663103958567987,18.857427474065528],[104.663127598324621,18.857404207986413],[104.6631641948359,18.857421711447554],[104.66353211205147,18.857422376656455],[104.664153299128685,18.857259308042707],[104.664395179928192,18.857040824031493],[104.664568510960862,18.85660329606857],[104.664707305600359,18.856187597743485],[104.664742254194238,18.8559577944953],[104.664886242298948,18.855821228572328],[104.665162101637335,18.855860035849357],[104.665685174995815,18.855888340713356],[104.666024486471628,18.855817800528612],[104.666226024861885,18.855648498730332],[104.666364371059416,18.85545719147472],[104.666474211692091,18.855145426935053],[104.666520806274789,18.854839022070617],[104.666590427550773,18.854516239392758],[104.667408024195538,18.853860940642758],[104.668271086778759,18.853468423514485],[104.668789016925999,18.853184748981015],[104.669295662673804,18.852791592775848],[104.669595594321038,18.852277662343518],[104.669873578879304,18.851227337582035],[104.669931556081195,18.850975681906856],[104.669924241350856,18.850696255369765],[104.670095056249451,18.85019606357886],[104.670059905317757,18.850012659598832],[104.670112176119602,18.849739101676136],[104.670175793946072,18.849542185967049],[104.670262416050974,18.84933983794452],[104.670476119542201,18.849032254928364],[104.670585236045554,18.848875203220754],[104.670683503573102,18.848596253415096],[104.670718324900506,18.848426651625985],[104.670695950355665,18.848109177413761],[104.670529567308265,18.847944692859198],[104.670311417086992,18.847796535577832],[104.669950060588405,18.847390892826912],[104.669709324928363,18.847034720390507],[104.669554579826837,18.846799106455556],[104.669428716133069,18.846492394491044],[104.669340852779882,18.846288453913942]]]]}},
{"type":"Feature","properties":{"Id":null,"OBJECTID":1,"Shape_Leng":null,"Engligh":"M. Xaichamphone","Lao":"ເມືອງໄຊຈຳພອນ","District_C":"07","Head_Provi":null,"Code_Pr_Di":null,"Code_Provi":"11","Shape_Le_1":null,"Latine_Nam":"M. Xaichamphone","Lao_Phetsa":null,"Shape_Le_2":null,"Shape_Area":null},"geometry":{"type":"MultiPolygon","coordinates":[[[[104.936584435032927,18.755748671316862],[104.937154686292487,18.755347623761331],[104.938310421558811,18.754682053116717],[104.937726451330164,18.754472161196212],[104.937726451257078,18.754472161169939],[104.938411248564677,18.753706703416881],[104.938652459955151,18.753239289883371],[104.938652459755517,18.753239289763453],[104.940409996131237,18.749833481456708],[104.941073976164517,18.745036798359958],[104.941936147851294,18.739670795628093],[104.942218411795253,18.73946001619797],[104.942483143322477,18.739262328725481],[104.942965996139577,18.738901757092638],[104.946086490683783,18.739724012328519],[104.948726363525765,18.740900822534616],[104.951984065376635,18.741049671874755],[104.955241947159365,18.740613279966965],[104.958484510653705,18.740937132499987],[104.962222853992301,18.742106071081313],[104.963786978708512,18.742122187580101],[104.966007142235,18.742192662409852],[104.968906370460928,18.742956858405691],[104.970523880471831,18.742827200727636],[104.975666250644124,18.740827171433953],[104.980457506440231,18.739006582181787],[104.982227641555809,18.738845206351154],[104.983600784799364,18.739184262515657],[104.984684183474002,18.740754698710592],[104.985615186017611,18.742528463957758],[104.987247702647295,18.74388765633444],[104.988727900775814,18.744374667319292],[104.990192719053169,18.744216603140547],[104.992268009908258,18.743233816876231],[104.994037960505167,18.740941641416917],[104.995121578541259,18.738623425350969],[104.996304138249556,18.737913975967782],[104.997364558399227,18.737437257909807],[104.999844059666898,18.738194193947219],[105.002277958789719,18.739882023403801],[105.003742776641189,18.74117329247019],[105.004826344132553,18.741685041738005],[105.007252537661458,18.741675911961359],[105.008137483780217,18.741867932631546],[105.009075793506071,18.74225540816655],[105.010716193980215,18.743693469307274],[105.012005573549047,18.744792625228342],[105.013112020703062,18.745337088253713],[105.014141947649506,18.74545564154938],[105.014851329447353,18.744864738966033],[105.015255917594985,18.743759807277424],[105.016171387756543,18.743756342998118],[105.018292259024676,18.746394093478763],[105.019833463949695,18.747906658341762],[105.020573533830529,18.748590085428191],[105.02164167533266,18.748340287618355],[105.021206823247439,18.746455922572284],[105.019017047318371,18.743107607308477],[105.016972555273739,18.739058808204874],[105.01604178593216,18.737052475796979],[105.016217137933864,18.735558930932118],[105.01899427641294,18.733017879805608],[105.020596372212964,18.731516276384475],[105.021924048573538,18.730919631153853],[105.023961142211689,18.730716016044227],[105.026837451002308,18.730485161012012],[105.029164374308976,18.729741444684944],[105.03304799457527,18.728171583274559],[105.034772249195939,18.727697921194608],[105.035443540839353,18.727084328313985],[105.036076775835099,18.725954466415082],[105.037312903872319,18.723281253735735],[105.039838199656444,18.724764083951133],[105.041417387882845,18.725199830699864],[105.042363380313091,18.725611979238732],[105.044087806234856,18.72704973050104],[105.045918803791054,18.727923726481325],[105.046986879703724,18.728042071981477],[105.048398495921518,18.727988627239053],[105.049695524630337,18.728448086798622],[105.051572330416448,18.729689174429147],[105.052434570360077,18.729366958205929],[105.055112594071744,18.727618465645381],[105.057767635893768,18.725516350033114],[105.059117893690342,18.72472622985363],[105.059362077756631,18.723696956135289],[105.05856877519993,18.721785688244832],[105.057591953459763,18.720564737726708],[105.055738225052195,18.719028843454343],[105.053998486335175,18.717934631433756],[105.053227898074468,18.717251360965861],[105.052838727939019,18.715464208618151],[105.052922887043025,18.712487299523186],[105.052663489013042,18.711384747536922],[105.051358807599286,18.70974923635378],[105.050374524523363,18.708969983500648],[105.05008448352153,18.707426828521594],[105.050847554459381,18.706934060235774],[105.053693407454929,18.707363692697374],[105.05599738440705,18.707625116957601],[105.059316365867758,18.707365385321758],[105.060597962014086,18.707287031118614],[105.066465087824454,18.708586499715583],[105.067846039324365,18.708679775678952],[105.069196699255713,18.707841012672692],[105.070798785791595,18.705850930713879],[105.072149089848111,18.704259742947453],[105.074087203918666,18.704277053129658],[105.079778848721048,18.706825675942525],[105.082624526637645,18.707991482878239],[105.083883497860484,18.708328707614587],[105.085569575857718,18.708639760619292],[105.0876830533538,18.708363118951901],[105.090589744584562,18.707626289119506],[105.091963081756234,18.706739892194761],[105.092832876735542,18.705952022115596],[105.094213928387958,18.705677943900074],[105.096792646334194,18.705838183865186],[105.098486412177579,18.705610223911471],[105.10083624624454,18.705135606214522],[105.102873314964171,18.704565121614582],[105.107809689519456,18.703541055065429],[105.111777085123165,18.701152695852254],[105.113005205019988,18.700535122504597],[105.113875105374078,18.700998932406225],[105.115416388769091,18.701556076965158],[105.116408189331807,18.700374875746668],[105.116919217072223,18.69958939304869],[105.119757570557283,18.700704923510095],[105.124068061388186,18.702524386878348],[105.125609243228652,18.703671186684009],[105.125739154480286,18.705408644630115],[105.124777754016961,18.70715134885473],[105.124113933276575,18.708134674056037],[105.124243625228075,18.709162656015355],[105.124205373663244,18.71075449845944],[105.123022959036348,18.711897439119987],[105.12290834054069,18.71285328184948],[105.124342912959762,18.713213848957661],[105.127669281925648,18.713324595931869],[105.129729264643615,18.714036045647603],[105.132246993017034,18.715202433782906],[105.133177914634558,18.715460484730915],[105.134490112792633,18.715431302233966],[105.13696970173136,18.710031593510635],[105.138319994922895,18.707357632690407],[105.139128797121032,18.70654588281587],[105.141654362927625,18.704721709626273],[105.144385578468487,18.702923331861225],[105.145270747809462,18.702409743552579],[105.144927395496325,18.701210227468309],[105.142928257085671,18.699773592955893],[105.140410480199662,18.69762784700568],[105.13808346112846,18.694183857099755],[105.13544367843663,18.689743626844944],[105.135825324364603,18.687782112070213],[105.138098975615279,18.685886997189442],[105.138808484758243,18.6848312871426],[105.139739272285709,18.682202802666648],[105.140273310212294,18.681489536925984],[105.142119636906585,18.680135843081398],[105.144210180306786,18.679197691300942],[105.146033451595386,18.679017773594733],[105.147170308742318,18.677715426551945],[105.147155198244874,18.674969013628186],[105.147719665210474,18.673864813708068],[105.148986096176714,18.673392702146597],[105.150443596984033,18.673511298596186],[105.153960616904001,18.675235835144139],[105.155189106474907,18.676381522898893],[105.156158007854131,18.676550176024854],[105.157744978541686,18.675319689531698],[105.161918356075105,18.671260331549551],[105.162444794699127,18.669246679420336],[105.163058856185302,18.667143676777847],[105.163497436396725,18.665924297116604],[105.164329242072824,18.664401807576265],[105.166320510172227,18.662570992590748],[105.167029927839792,18.661996448568299],[105.167525839523549,18.660052848724636],[105.168578715626907,18.658323388765147],[105.169570605784472,18.657855901171423],[105.170447928050592,18.656911773930528],[105.172843662273849,18.658447176173105],[105.175536985028288,18.659458071092256],[105.17784108796377,18.659414090911579],[105.17947367434661,18.659316509923986],[105.182060240878243,18.658540145189885],[105.183540239265469,18.659018848810806],[105.184204161871008,18.65781389736301],[105.185813942477978,18.654193723452988],[105.190254345214413,18.64754296935546],[105.191467324034022,18.647494297407057],[105.194587793146965,18.648980094838578],[105.196060527039236,18.649618003588415],[105.19688440416698,18.649253369945686],[105.197944867594316,18.646208709737895],[105.198440736528553,18.644319244301879],[105.198227192396644,18.643372748533974],[105.198234742152962,18.642214749222195],[105.199226610548266,18.641379945517766],[105.199226506512062,18.640275039626989],[105.1989597705184,18.639170434870454],[105.196884399023773,18.63768926124121],[105.195358507601256,18.636322717838738],[105.193344345154784,18.6323198478126],[105.19253549022956,18.630423827710739],[105.191665845251549,18.628737988307577],[105.191574378342892,18.625635777714567],[105.192680648134541,18.624379495753868],[105.194877890196437,18.622235237793724],[105.195930689335611,18.621661357236285],[105.195770399789026,18.620083263275237],[105.193420683872318,18.617550528037793],[105.19292453101373,18.616812179450289],[105.192604236509581,18.615969716048085],[105.192726162336882,18.61297462261636],[105.193565472630084,18.609375498735524],[105.193519920559766,18.608114726883088],[105.193084998168089,18.607009153215923],[105.192207399841394,18.60579556258811],[105.190956289142377,18.604582345757731],[105.190139985833454,18.60384205502562],[105.185806251526785,18.603769563855984],[105.18361660387859,18.603760419883873],[105.1818007061446,18.603964401859745],[105.180213875048523,18.604535328256016],[105.179214328704347,18.60526721838221],[105.178115624076838,18.607522117926948],[105.176795775865585,18.607357290476418],[105.175155439834313,18.606930652780029],[105.174010965796128,18.607346335250092],[105.171920707102757,18.609019161211492],[105.170203810055924,18.610535718118278],[105.168273669126734,18.611527120863883],[105.165473479263966,18.612827682470744],[105.162955731868323,18.613711097231409],[105.160705287031234,18.614384089115514],[105.158729242304446,18.613903360572269],[105.157859410941086,18.612846658382363],[105.157264350186111,18.611320849352015],[105.1565699589937,18.608689098216175],[105.154540545996198,18.607734997480151],[105.151435318038821,18.607512698795794],[105.150069539010673,18.606612248381122],[105.148330014220491,18.605131390130879],[105.144507672410057,18.601375663050657],[105.142974198100603,18.599268718865691],[105.141669555004142,18.598736452161848],[105.140250485530728,18.598467509301976],[105.138548963466675,18.597250888717067],[105.13762591458817,18.596405364667994],[105.135993209477036,18.594139138472997],[105.134955587890744,18.592610185724915],[105.134848774442133,18.591610428582687],[105.13519967839342,18.588511259785683],[105.135909329697824,18.58772555680714],[105.137503690751089,18.58657657992384],[105.137396930762833,18.585681886605109],[105.135977994268956,18.584309124779807],[105.134940099088169,18.583095375579685],[105.134467231777393,18.57873145125988],[105.134218988476121,18.576245384898918],[105.134076494149255,18.574818328815645],[105.133894994003853,18.573000595700538],[105.133834065753859,18.571579404558452],[105.134673232673578,18.569883033815891],[105.137877523010374,18.567111679541359],[105.139243164545434,18.565750451413482],[105.13903716407404,18.56443556017506],[105.138434414697642,18.563593187345798],[105.135596269372428,18.561897232609052],[105.132857245762452,18.560787488379031],[105.130454099775463,18.559304661739972],[105.128813859087558,18.557826931054645],[105.12804318827385,18.556877317492511],[105.128569631516626,18.553989284923059],[105.128699314038585,18.551196421918441],[105.128218508847837,18.549354112281041],[105.127516809172036,18.547511950290051],[105.124785324565195,18.54455718412844],[105.123869934332546,18.543186247252176],[105.122168495462944,18.541969468093765],[105.119482795552969,18.540747653229669],[105.11685833058003,18.539370979716644],[105.11576921155438,18.538938004166649],[105.115385709331775,18.538785541611716],[105.11550011386602,18.536315803322641],[105.11518730061907,18.533476901959485],[105.114645701281688,18.531634571394086],[105.114760187506903,18.530583832638026],[105.115049997189814,18.529164673498542],[105.118567239491071,18.524861478409992],[105.119009763681873,18.523846662183402],[105.118635868648411,18.523057201384638],[105.117056708767166,18.520631438145088],[105.114874554879265,18.517415202922773],[105.113134992495389,18.514920589227327],[105.11165502857456,18.513651618962086],[105.111166650887753,18.512914167387386],[105.111509965303682,18.511811299231251],[105.111235282647911,18.510548386664222],[105.110197707968055,18.508862259038693],[105.109228623344805,18.505432838328122],[105.109363603362979,18.504783824788898],[105.095089826910069,18.492627597864075],[105.081241399650878,18.463201697617514],[105.077245064522444,18.438615081773154],[105.07462600008914,18.437757886342826],[105.072747853493283,18.437573625661866],[105.070107959652944,18.436500031323707],[105.068226870975906,18.436219344200072],[105.06564053072249,18.434684930172669],[105.063482876881167,18.43347453165708],[105.059171306019934,18.432569591698847],[105.050336600995905,18.433881399406093],[105.043619992693053,18.426613288291819],[105.039309250990243,18.420253178884074],[105.033697301317076,18.420062952911813],[105.031492695409042,18.420398127597444],[105.027934429727722,18.415998539150277],[105.024877885226246,18.414994593142989],[105.020688711015666,18.411780645337721],[105.001807339396564,18.357533609440623],[104.975043857744851,18.339250453342814],[104.97352910509278,18.336400581945355],[104.972635650185197,18.334530883971674],[104.971398554898002,18.32956851180429],[104.970947188128747,18.328016803649341],[104.970576562006414,18.327757936052262],[104.946378263881584,18.304446776169428],[104.934191517296057,18.285672724807348],[104.921130909841821,18.284760132677683],[104.903561055799898,18.2820981908386],[104.902579991212335,18.281435515744697],[104.901815012059842,18.281110254869766],[104.901134915818915,18.281028687482351],[104.900369523814419,18.281434376698748],[104.900114051086376,18.282165200333434],[104.899688492212675,18.282977152225001],[104.899645726169581,18.28342382556054],[104.89917819236085,18.283301753292672],[104.899093572306754,18.282611361194661],[104.89858374451353,18.282123786265565],[104.898158628998317,18.282164168760907],[104.898073206949604,18.282854471614083],[104.898412713965158,18.283829261649664],[104.898794711687842,18.284844681951736],[104.898454491484259,18.285088154056474],[104.897392150422192,18.28439723860604],[104.896402982610965,18.283535039276586],[104.895924831888578,18.283397725477357],[104.89537464699012,18.283762903079371],[104.895063547937795,18.28417389575603],[104.895086965362907,18.284996234919948],[104.894799679110434,18.285567136884818],[104.894560450117339,18.285749744442121],[104.894273603912055,18.285589689299808],[104.893820015779525,18.28437879116855],[104.893318442679671,18.283441973259052],[104.892720905988355,18.283030475707065],[104.891860303437426,18.282687354720455],[104.891071295815436,18.282572695371766],[104.890760374727378,18.282686729421009],[104.890425370277228,18.283074858245381],[104.889755905385144,18.282983104594056],[104.88906251492071,18.282914175560911],[104.888081776463821,18.283484663832116],[104.887740114545281,18.284014709727657],[104.887196753156871,18.283940992089388],[104.88619317861712,18.282843962047451],[104.885523956718245,18.282386714989968],[104.884902183946721,18.282500553123363],[104.884495251077624,18.28316273722535],[104.884279214404842,18.284418938435923],[104.883944206504097,18.28478421400774],[104.882485635456263,18.284714795055184],[104.881552720735627,18.285239594588173],[104.881432836184771,18.285719210242618],[104.881503469974788,18.287341063982385],[104.88138372266701,18.2876150976928],[104.88104879696867,18.28784331317075],[104.880522556883761,18.288094251193154],[104.880450522936982,18.288528211612849],[104.880808848104607,18.289053810453581],[104.881310634050749,18.289602339471099],[104.88140589550332,18.290173457961274],[104.880951277154594,18.290584338070424],[104.880377172548251,18.290880930101068],[104.880018294927794,18.291154813909792],[104.879994051933139,18.29163448834446],[104.880495999218027,18.291954595975287],[104.880495560897302,18.2925941827637],[104.88008852473547,18.293347725183491],[104.879609998448572,18.293735745190119],[104.879227358665759,18.293781188067484],[104.878845037069809,18.293369783466726],[104.878845370367074,18.292890094125376],[104.878678298213202,18.292433141175092],[104.87834377310952,18.29206745020926],[104.877841621467425,18.29204428726408],[104.877243272145108,18.292797702126645],[104.877123402626239,18.293231630291665],[104.877936201237858,18.293574786837016],[104.878222550825143,18.294442978975695],[104.877911312342519,18.294968155058054],[104.876715428839915,18.29528718016363],[104.875352377045672,18.295286295847106],[104.873524154158076,18.295460483552265],[104.871120029428738,18.294895168215671],[104.869637978568477,18.294140364920828],[104.868921446932518,18.292997756913508],[104.868659127909325,18.292038197035222],[104.869688997214169,18.289868877882455],[104.8698007647194,18.288623698159153],[104.869189988166468,18.285665540310138],[104.868999070400122,18.285162877150597],[104.868019343037545,18.284294192354011],[104.867387207565329,18.282269037874268],[104.865798210338255,18.280843446329119],[104.864459431867843,18.28052270868934],[104.863550503738779,18.280910383429717],[104.863054649603882,18.281977210993173],[104.862831049107371,18.28360526942615],[104.863619166151054,18.284839321620897],[104.863594933595579,18.285250467083063],[104.863212021910584,18.285661356205015],[104.861489297931413,18.287007815034599],[104.859886292386847,18.288125923246405],[104.858817649671735,18.28813461360917],[104.858092896611481,18.288101757589086],[104.857518742206366,18.28842112343882],[104.857326846202909,18.289151935754923],[104.856081840932575,18.291046918034681],[104.855555536788344,18.291320629528585],[104.855086596006387,18.291404576052308],[104.85287711052861,18.291569852291886],[104.851800633692307,18.292048709740083],[104.850460972188358,18.292687251674057],[104.849551280695138,18.293851497359405],[104.849430985627961,18.294696569501525],[104.849836189641806,18.296227324735096],[104.849523227143536,18.298648366336803],[104.84913993653889,18.299424702773191],[104.848494087546726,18.299629773073587],[104.847752881076119,18.299492130143765],[104.847083956909927,18.298737798901165],[104.846517195259068,18.296114501101261],[104.847015804280559,18.294648965939167],[104.84704144091549,18.292684545235044],[104.846622283912353,18.291205455562793],[104.846062810144531,18.290650790972069],[104.845584580279251,18.290627562582557],[104.844388689344086,18.290923543657467],[104.842643175236418,18.29080790237235],[104.841113709206184,18.289778731936444],[104.840175722272775,18.288408707322972],[104.839227577446906,18.286579225240718],[104.838582567050508,18.285916253423927],[104.837411333003814,18.28543557160501],[104.835952842144152,18.285297271767678],[104.834757815829207,18.284702341213944],[104.832631208174007,18.28310152712567],[104.831220763226383,18.282757651748867],[104.82923602547497,18.282847258847507],[104.827633394579934,18.283416879363507],[104.826795403413414,18.284512553997001],[104.826411088956178,18.286248223498447],[104.827103492600472,18.287299599317699],[104.828656878011884,18.288214690798867],[104.830760617674883,18.288764781802662],[104.831142837187414,18.289153439347313],[104.831213845376794,18.289907299324486],[104.831691277432697,18.290752887008626],[104.832217001422279,18.291118826112992],[104.832551053540811,18.291872916237164],[104.832789194445297,18.292901029203069],[104.83348214272371,18.293449850800197],[104.833936074650026,18.29388425032332],[104.834317922653426,18.294684063017037],[104.835178253173353,18.295255865183144],[104.836469563033106,18.295256974696983],[104.838287236838852,18.294961570843334],[104.839243276871329,18.295487751511228],[104.839888220000077,18.296264932635605],[104.840054816597316,18.297133080217012],[104.839965356378059,18.298034272524205],[104.83924007508115,18.298959782517549],[104.838235277830393,18.299415780354305],[104.835932959365763,18.299667227301015],[104.8327597825201,18.298634427228578],[104.830492657771728,18.298218617454989],[104.827931106241763,18.296734227117664],[104.826807542399834,18.296367734497686],[104.825780526596887,18.295110474042826],[104.824921030779493,18.29373914871459],[104.824048044089338,18.293496182005871],[104.821765808669227,18.292479904030316],[104.818104397261791,18.291854242865202],[104.81629032027449,18.291972188642145],[104.81533325701686,18.292496638900616],[104.814088795600966,18.293431967403784],[104.812939900372072,18.294435907951303],[104.811790966319194,18.295462682991374],[104.809660028481773,18.297904697736186],[104.808056492091225,18.299113735563317],[104.80724312580891,18.299387023492375],[104.806645664079056,18.299043786151735],[104.806216970940397,18.29746723361097],[104.805402081411529,18.296847107886514],[104.804065816796992,18.296528505370617],[104.800363553989115,18.296841909681934],[104.79801395865681,18.298075478613022],[104.79642900849926,18.300688045171217],[104.795904918032747,18.302047793269608],[104.795377925307506,18.302801024465058],[104.794490354667616,18.305129981846445],[104.793603598869794,18.306750826559558],[104.792548524671417,18.309125277443542],[104.792570590336865,18.310678574115691],[104.792712722072793,18.311820840571507],[104.79330968440857,18.312598124394917],[104.793451796283378,18.313763231693031],[104.793187370803196,18.314930608450101],[104.791297528490588,18.315314161563702],[104.789558909252506,18.315215413858432],[104.787686655259975,18.314967546153582],[104.785966150631396,18.313800671095642],[104.784485643181839,18.311971626894358],[104.782550551191491,18.310324792077058],[104.781285572897374,18.308313231118646],[104.780737917727222,18.306416697196191],[104.779711899398762,18.304588136885808],[104.77913922926362,18.303582416546249],[104.778087411179868,18.303261406071435],[104.776795870943758,18.303396954329642],[104.773637093298973,18.305015035516877],[104.770047462791766,18.30688381076121],[104.769520585046678,18.307454231192359],[104.76918426587298,18.308595936026663],[104.768512857679596,18.309942814559236],[104.767459070985524,18.311083644745338],[104.765686640294732,18.313091591700537],[104.764297192291906,18.314825888828128],[104.762501083124661,18.31660535370051],[104.761735178418476,18.317038401123064],[104.760658956821118,18.317037054708482],[104.759749927746654,18.317195808003856],[104.759018414387754,18.317970751468405],[104.758599898868255,18.318679099136418],[104.758478733840917,18.319821054840222],[104.7578318466431,18.320642553558976],[104.755269472480379,18.322992029147088],[104.753466656791474,18.324124090793354],[104.751558483965582,18.325705450932666],[104.748321144444944,18.327871382679277],[104.746819124348008,18.328280383105358],[104.745621677850735,18.329352370916187],[104.744424417930375,18.3302872986674],[104.741969354095119,18.32930674670277],[104.73973939666773,18.328362225006735],[104.73823571886426,18.326281533337589],[104.736803066701469,18.324703455801757],[104.736333636781964,18.323716159834518],[104.733362828530957,18.322208886434236],[104.730518652958352,18.320971415963019],[104.729826102233133,18.320308014767523],[104.72978014888082,18.319097316572641],[104.729791538634203,18.317931614136871],[104.72944482321634,18.317640476052606],[104.7282739051481,18.31797609166281],[104.72693207953192,18.317916357174177],[104.726175889954959,18.317577995885369],[104.725832722597005,18.317654595101633],[104.725710964646183,18.318088064026252],[104.725740641667386,18.31846393096685],[104.725113791195341,18.319282133847153],[104.723456268583845,18.321052859581652],[104.723304064148181,18.321592284129043],[104.723555375574875,18.322180476398394],[104.723998320230038,18.322817127598888],[104.724108346413132,18.323424387877676],[104.724571323749771,18.32415743252265],[104.724832733119626,18.324745636718379],[104.724569448007216,18.325342721347273],[104.723922738166777,18.325939251147517],[104.723720463301518,18.326237689652846],[104.723820874412567,18.326546203792372],[104.724143666023906,18.326604490247806],[104.724506771821567,18.32669174321251],[104.724546125786105,18.327327809817728],[104.724434203595507,18.327915475940483],[104.723857886141232,18.328656654677388],[104.723403106281282,18.329108911396556],[104.723280797472214,18.329879655668343],[104.723198863510845,18.330640820897489],[104.723620171985345,18.331147349293339],[104.724225329111036,18.331315257306816],[104.724924887463828,18.331341964923869],[104.725166975891668,18.33139370894818],[104.725529823605939,18.331651204953463],[104.726349477849098,18.332307665278602],[104.727398037372041,18.332848811384775],[104.72825830748441,18.333351138205032],[104.729212760488039,18.333853594011053],[104.729722736493343,18.334676633125984],[104.729775215836142,18.335537569485151],[104.729437702244496,18.336282313973488],[104.729207699662325,18.337104303052502],[104.728816083260384,18.338028851195869],[104.72865304712046,18.339043665136003],[104.72906903340396,18.339750933979818],[104.729862629071363,18.33989339540565],[104.730265805446734,18.340189485873438],[104.730157631159642,18.340536246643591],[104.729780264267518,18.340946869815458],[104.729806055507808,18.341666432359833],[104.730126733325434,18.34310593748976],[104.729909182257501,18.344570378537657],[104.729463752099207,18.345482002130989],[104.72888426826924,18.346072217843297],[104.728425534272063,18.346881030738075],[104.728166693696139,18.348923599300541],[104.727761064651219,18.350182189355149],[104.726926008965094,18.350707789603511],[104.725901985030617,18.35160572522479],[104.725456495125229,18.352530187885961],[104.725535401889417,18.353686679982346],[104.726502624524599,18.354690265988484],[104.727241918377487,18.355179574150817],[104.728371994443833,18.355309674991297],[104.729070868710167,18.355837465611291],[104.729916062811711,18.357457595778776],[104.730290912269169,18.358691597424361],[104.730275620623928,18.359873651298006],[104.730839221377423,18.360876643417885],[104.73097340440944,18.361120957103243],[104.730622308671457,18.361917076928759],[104.731445077145523,18.365121913715463],[104.732250165643578,18.366613490701454],[104.733253002088063,18.367865498728108],[104.73370005928416,18.368842621290334],[104.733626555131991,18.369973199017632],[104.732907909106842,18.370588926483954],[104.732261476388658,18.370913517127676],[104.731883466157456,18.371701034940852],[104.73182537607147,18.374459127154786],[104.731786445279141,18.376429195345974],[104.731533836560914,18.377336809221859],[104.730653662871049,18.377952299371398],[104.730060762124381,18.378448273200924],[104.730310983614004,18.379082493349813],[104.730776049241541,18.380025384370118],[104.730953916059221,18.381036394250625],[104.731220946133774,18.382407290873921],[104.730681251461462,18.383297365293402],[104.730048597804569,18.384046019264723],[104.730016103661157,18.384084471366247],[104.729979042406796,18.384838204433386],[104.730498032701647,18.385729777441487],[104.730729949899072,18.386603811946543],[104.730547206871819,18.388727857048501],[104.730945586214148,18.389525359977146],[104.731465729911221,18.390384185481313],[104.731598371195417,18.390747711631608],[104.731540861253549,18.391020133778895],[104.73131220114054,18.391219647162515],[104.730950307758278,18.391437138623388],[104.730474605020348,18.391418298417033],[104.729523369013606,18.391271613197997],[104.728743683213111,18.390943498514218],[104.728097060899543,18.39070640561776],[104.727241119750786,18.390469009614378],[104.727053448736555,18.390466252213436],[104.725871050924695,18.390448873428017],[104.725071683479541,18.390538554507497],[104.72444343273348,18.390719314864686],[104.72324375539543,18.391244413685072],[104.723011654811344,18.391443226871097],[104.72248153969781,18.391897311750057],[104.721871699458973,18.392459594856955],[104.721242708219464,18.393094515764247],[104.720804329357918,18.393529878360329],[104.720347270645036,18.393747209664706],[104.719300619895463,18.393763834609182],[104.718330322485855,18.393635232020131],[104.71773902581478,18.39367866240551],[104.717278600291536,18.393769949278663],[104.71677520803577,18.393953139959784],[104.715682702472108,18.394370483785526],[104.715018358633316,18.394788463301747],[104.714461204389423,18.3951146316187],[104.713754509976397,18.395246415132945],[104.712876192669569,18.395592532207463],[104.712180149098046,18.395754982493926],[104.711880074409564,18.395969124228056],[104.711271632539663,18.396614828618684],[104.710789139791615,18.396856321230445],[104.710382928222728,18.39700103775915],[104.709849403474507,18.397412007243215],[104.703665258368616,18.396118253828732],[104.703459229161979,18.396075147792597],[104.705576492920812,18.423491766368418],[104.692464030022279,18.438620544087065],[104.687628615779943,18.444198591158166],[104.687410799703443,18.444335150416233],[104.687410799219847,18.44433515071945],[104.679058146850991,18.449571470025532],[104.668204757217069,18.456374477826856],[104.661498437001612,18.467906059496816],[104.660918776956265,18.489515311752857],[104.653739548609096,18.511266186781704],[104.659578317211086,18.547206985545451],[104.659599339508532,18.547210133413589],[104.659579082048609,18.547211693912026],[104.659591193113798,18.547286229493892],[104.65864534688022,18.592581069372933],[104.658654816906846,18.592644663993436],[104.658551593022011,18.592973873532237],[104.658829710678575,18.597118904833877],[104.659323385990731,18.601105555282974],[104.660245014687305,18.604154998545777],[104.660984546217222,18.606608895419974],[104.661649135077724,18.608762397759946],[104.662557057724399,18.611510490239926],[104.662635581055397,18.61210737849915],[104.663776406308358,18.614983501723898],[104.666781052093413,18.62255799608451],[104.666447251325224,18.62385972344762],[104.664942150471873,18.629728921094152],[104.662337230872382,18.636181321107109],[104.661914235352924,18.638651778337998],[104.661825087944464,18.64144170108089],[104.662239427694601,18.643355647300538],[104.662820713231213,18.645429321487654],[104.663987869832283,18.647264894013098],[104.665406715698253,18.648702324599853],[104.669587021112505,18.649267735707156],[104.671342287797316,18.649749111961956],[104.67267086082299,18.651440125929629],[104.674094716163964,18.653580304661286],[104.674959765109648,18.656731303548256],[104.675997518098043,18.660122327591651],[104.676638404213278,18.662491372761032],[104.676499292425447,18.664505635560658],[104.676309691502397,18.666903200191143],[104.676142536380709,18.667864706592464],[104.676142457369096,18.669780747851156],[104.676118400106887,18.670321394371417],[104.676061334729539,18.67160382635948],[104.676119631250856,18.672753062931267],[104.676713936600294,18.673817346388727],[104.678207039731731,18.67649113277399],[104.679589543500285,18.679825310885303],[104.680064156272707,18.682108183549097],[104.680485839894544,18.687083797737607],[104.680625838897555,18.687797125411269],[104.681292311638259,18.691192879444525],[104.681525462603332,18.694570724968191],[104.682000733371183,18.696534103158484],[104.681948321902368,18.698952996682987],[104.681706460231339,18.700230540714372],[104.681170258917618,18.701331725847972],[104.676862987940694,18.703417136601175],[104.675184189535855,18.704692188987021],[104.673840818792002,18.705876524852581],[104.672304082658897,18.707973336995028],[104.670766072373695,18.710709107286455],[104.669755166245935,18.71330887092325],[104.66850161708328,18.717505633273397],[104.667537106207249,18.72083571966213],[104.6670553282094,18.722249735976153],[104.666834350682592,18.723605544634552],[104.668039663206599,18.725705602782014],[104.668725291959049,18.726624161556426],[104.669870647103593,18.727106322881848],[104.670510975165641,18.727849686401736],[104.670782089657266,18.729904019733588],[104.671053375107348,18.732330038618453],[104.671187794599177,18.733485989290081],[104.671140158373291,18.73435919420773],[104.670725986138265,18.735144757515222],[104.669668737806461,18.736584438074683],[104.669117085233637,18.737325700736328],[104.668444180829269,18.738222644673019],[104.668150938174847,18.739158676434947],[104.668790706885531,18.740208202184601],[104.669339734269641,18.740821486159334],[104.670300963331343,18.741521359206736],[104.671511310677431,18.742481499026397],[104.672030144891778,18.743385068094931],[104.672816805830422,18.744539900504765],[104.672036224466396,18.745149722111059],[104.672566686797424,18.746470899571033],[104.672720730724819,18.746854559618335],[104.672591433823783,18.747047134083093],[104.67239874128046,18.74733412885309],[104.671565295449611,18.747056590916898],[104.671344885374793,18.746983193466715],[104.671161455185299,18.746940162753319],[104.669995995481273,18.746666753974768],[104.669643812059505,18.746584132585173],[104.669282734887005,18.746499423973464],[104.668778100499637,18.746673643898312],[104.668512916244794,18.747207534011007],[104.668585204285435,18.747955329856627],[104.668589048078061,18.7479950924482],[104.668224624835233,18.748332238875385],[104.667948239825932,18.748071907957829],[104.667734529893522,18.747894160610834],[104.667497983504603,18.747574028363584],[104.667124337239485,18.746721547431076],[104.666813010714336,18.746261601233211],[104.666681811938972,18.746067770475033],[104.666511598167247,18.745957249905906],[104.666292750366225,18.745815150605317],[104.666033136605805,18.745771753786961],[104.66574321679829,18.745764459990767],[104.665529702611636,18.74579457907743],[104.66456069948876,18.746175827840947],[104.663744324641982,18.746579932747935],[104.663477451445075,18.746760214034115],[104.663347549069158,18.746931698018098],[104.663172121000201,18.747341472887626],[104.663134046078795,18.748305067973828],[104.662981316125098,18.748478773330127],[104.662812453530236,18.74848453209114],[104.662729598864516,18.748487357647495],[104.662409253098602,18.748421253862414],[104.662126772610875,18.748243376106824],[104.661974367474485,18.74810301189526],[104.661867478862405,18.747887039984828],[104.661608206754806,18.747224548395891],[104.661280723325589,18.747244911447595],[104.660982198772487,18.74726347332053],[104.660667073958976,18.747283066854596],[104.66008982221706,18.747318957280342],[104.66005921109803,18.747652168687864],[104.659962599178584,18.747829793964733],[104.659883644588092,18.747974955142119],[104.659656050753313,18.748169236948318],[104.659647255229913,18.748176745090301],[104.659495364416784,18.748247146139224],[104.65933800380661,18.748320082233278],[104.659326770836074,18.748325288668422],[104.658861429819027,18.74841933612484],[104.658594366800358,18.748540862258526],[104.658296796581766,18.748791117269882],[104.658029276407476,18.74884971037557],[104.657861989301111,18.748886349905185],[104.657416961636557,18.749172320724742],[104.656988946216757,18.749447357695253],[104.656509621029457,18.750142656951535],[104.656207224996919,18.750581302774382],[104.655702485539933,18.750799542455511],[104.655493807323197,18.749938863174634],[104.655428178313528,18.749668178936272],[104.654878655255672,18.749750767895588],[104.654138797098554,18.750557155488398],[104.653977012483139,18.750959931315926],[104.653867635448933,18.751232233050793],[104.65327107447014,18.751406236692848],[104.65303989339381,18.751313081126749],[104.652400754700636,18.751055534996368],[104.652033307652019,18.751403938714713],[104.651893952335584,18.752276963352717],[104.652028832025451,18.753587701496709],[104.652438638178978,18.754854888719539],[104.652755613963038,18.756865269412664],[104.652780907307957,18.758484883025282],[104.652788377804896,18.758963240202149],[104.652818833545751,18.759728119865315],[104.652941035876523,18.760141831576462],[104.653123847056548,18.760342129014226],[104.653318939039011,18.760473591538766],[104.653322229514231,18.760475808818519],[104.653783301266827,18.760708302784952],[104.654077787079771,18.760856795396109],[104.65420647683095,18.760961979624948],[104.654489226414441,18.761193083486226],[104.65471752049217,18.761629580759145],[104.655350119234512,18.762209919897508],[104.655377343631599,18.762234895123971],[104.655204426705154,18.762929916658202],[104.655177738400695,18.763002902664461],[104.654855590404367,18.763883893463504],[104.654795483865385,18.764048268069427],[104.654989040803116,18.765153383582984],[104.654761418888981,18.765985118915008],[104.654782437384185,18.766687754465259],[104.654825734752379,18.76813514615435],[104.654849692742729,18.768936032441804],[104.654860138732161,18.7692852273927],[104.654757693421715,18.770204725087137],[104.654662410667314,18.771059925473224],[104.654629997703424,18.771350842483866],[104.654405190838276,18.771801392143786],[104.653924404170752,18.772764957929002],[104.653912136444774,18.772892182632837],[104.653850772142235,18.773528569225316],[104.653786143655921,18.77419880175314],[104.653719223921613,18.774892789591487],[104.653736091073512,18.775136797059325],[104.653816761875888,18.776303806987457],[104.653513793708385,18.777140182419835],[104.653514904914871,18.777150940548015],[104.65360238411624,18.777997865097564],[104.653638688629002,18.778349342719281],[104.653638688738809,18.778349343153867],[104.653638688107065,18.778349343156904],[104.653123392079308,18.778836915120074],[104.653039985052999,18.780032009519967],[104.652570275474318,18.780189298531891],[104.652228421891834,18.780089741979207],[104.651516168461825,18.779882313090766],[104.650919695233739,18.779968188677294],[104.651193965322136,18.780405903573129],[104.651990863148811,18.780892247496773],[104.652254193291625,18.781052955596405],[104.652310579063254,18.781171107948868],[104.652429568654398,18.78142044153941],[104.652417962291537,18.781576365468506],[104.652406698659149,18.781727684725979],[104.652292358904887,18.781956804327848],[104.651857339762785,18.782398851007446],[104.651460649780262,18.78280367942628],[104.651376795610432,18.783057713684116],[104.651187313800705,18.783638037285918],[104.651092892950373,18.784991273316848],[104.653154058019837,18.786305594428473],[104.653226193957039,18.786445042817373],[104.653513226780376,18.786999913030971],[104.653429179009976,18.78749570698545],[104.653017262651332,18.788233785427185],[104.652185541710409,18.788924758375074],[104.651908833060631,18.789666472848708],[104.651953271619576,18.790409919166255],[104.652043646361321,18.791021267579755],[104.652041045088637,18.792287683045959],[104.65192018270811,18.792830529951104],[104.651552271557762,18.794482960177415],[104.651437711746638,18.795394434646489],[104.651300568756881,18.795890127926764],[104.651117286475554,18.79633263557615],[104.650728425700748,18.796804133608511],[104.650560395006977,18.797180021462104],[104.649780661850741,18.798660757675741],[104.649870035715495,18.799753366784962],[104.650327001962069,18.800627504191532],[104.650416834446006,18.80150094555508],[104.650459286353552,18.801643603955018],[104.650599146951194,18.802113599694351],[104.650715119242363,18.801989042575986],[104.651180685619153,18.802322942298023],[104.651763958917599,18.802102011935546],[104.652502572841669,18.801918372214697],[104.652696312930473,18.802177755480983],[104.652967003909183,18.802807314942186],[104.65358754197706,18.803363518041575],[104.653780906969033,18.803807915689397],[104.654557927956375,18.803846359534223],[104.655179680147896,18.803810505070253],[104.655645712107656,18.803922376088273],[104.655683588426811,18.804403489031785],[104.655760169418059,18.804958679818604],[104.656070483138762,18.805218274595429],[104.656537195331126,18.804997114604923],[104.65680858118769,18.805293639771488],[104.656807305754825,18.805922694333155],[104.65727274524437,18.806330586193525],[104.657515717699425,18.80680179572342],[104.65723741426774,18.80778804014825],[104.657373703111915,18.80870926087146],[104.657924325873921,18.8096970262696],[104.657853918842378,18.81035473363594],[104.65764495500791,18.811209537564864],[104.658067239552508,18.811959830830496],[104.658067240359472,18.81195983089594],[104.658891819020624,18.812000470586799],[104.659120891855423,18.812093528256653],[104.65913309296181,18.812127350358125],[104.659133093136646,18.812127350842804],[104.659319086438359,18.81264293220601],[104.659320312608259,18.812706235789623],[104.659322132845801,18.812800209307515],[104.659326876851594,18.813045128119352],[104.659222765594606,18.813338140949469],[104.659146681769826,18.813552272104776],[104.6590819323321,18.813734503169332],[104.659003806465407,18.813954380334977],[104.658922119266691,18.814184279832546],[104.660661534453368,18.815978066046707],[104.661000227497965,18.81631648537255],[104.661668505106633,18.816984217159206],[104.662079340301133,18.817990419667208],[104.662490797536918,18.818689332070594],[104.663316155478626,18.818865928641706],[104.664095979619731,18.818823275422321],[104.664560757420574,18.818365446260731],[104.664738286289364,18.818285649420869],[104.665381851759619,18.817996373327073],[104.665653832174542,18.817996861038555],[104.666207550488778,18.81799785273288],[104.666767111966038,18.818478770088152],[104.667581403320327,18.819178608208688],[104.6696423049966,18.82075484386068],[104.67064659510676,18.823333519980768],[104.670873738033478,18.824426361492677],[104.671331344595998,18.824907301095777],[104.670717614025506,18.826156822103762],[104.670252323301483,18.827028146141622],[104.669764157507174,18.828222531332774],[104.669512119818805,18.828786946189972],[104.669118230048994,18.830756481740508],[104.66902502842288,18.831542605380019],[104.669298316900992,18.832548541165544],[104.66938801506636,18.833553023429904],[104.669449836102601,18.834091940525685],[104.670949841802127,18.834835518661865],[104.6725531056249,18.835602336228565],[104.674076443055867,18.836216202673754],[104.675613558498497,18.836756778429326],[104.677004834995415,18.837360756604237],[104.677323982645191,18.837444917205097],[104.67777542159503,18.837618193360292],[104.678069584983035,18.837604286477337],[104.678285877029367,18.837624886532641],[104.678842941013187,18.837904671916913],[104.678948502268938,18.8379350363196],[104.679260843934259,18.838024880121086],[104.679651071308911,18.838078693471669],[104.67981927701608,18.838056794841716],[104.680077376173799,18.838023192714427],[104.680089425667276,18.838024480842346],[104.680244528498378,18.838041061740601],[104.682997575129008,18.836955039932977],[104.685330066688721,18.835724741315946],[104.685824187855502,18.835587281217375],[104.68633689616054,18.835384695111067],[104.686365629436622,18.835395141528981],[104.687498842551008,18.835165260868294],[104.689316229312993,18.835284743835899],[104.689316229659894,18.835284743379642],[104.690332967328573,18.835169508492871],[104.690617530385666,18.835222490627391],[104.690681481191845,18.835256434260536],[104.690775471248202,18.835322837231914],[104.690773444778984,18.835416920217643],[104.690767323904979,18.835701093460095],[104.690767323843602,18.83570109402234],[104.692156309574798,18.836294361710035],[104.692156310660678,18.836294361533142],[104.6923300036987,18.836317972739177],[104.692555764587453,18.836348661609961],[104.692830581649332,18.836477773645747],[104.693005277988775,18.836559847568164],[104.69342551932418,18.836765859874394],[104.693553453846221,18.83687446051626],[104.693624513138687,18.837019543525358],[104.693624148108981,18.837220851767459],[104.693624147873379,18.837220852439344],[104.695518823220439,18.838746391416603],[104.695518823988152,18.838746391173114],[104.695905427721698,18.838769588561341],[104.696231548278092,18.839007798454944],[104.696231548693845,18.839007799188863],[104.696982417083447,18.83923999040751],[104.700217279366655,18.839651928107987],[104.701375709123823,18.839696671187497],[104.701375709451028,18.83969667073454],[104.701813759408211,18.839575474333607],[104.702110236947973,18.83952608699316],[104.702431926746272,18.839565722549835],[104.702431926948222,18.839565722674116],[104.703406345937282,18.839129460015858],[104.704825446483596,18.836722004719437],[104.706038544037099,18.835747852267556],[104.707289764543845,18.835706898520723],[104.708820970378397,18.836425022801919],[104.709051294146278,18.836696088045287],[104.709051294885342,18.836696087863544],[104.709419769167823,18.836745734138713],[104.70960919077136,18.836795113682335],[104.709785520095053,18.836978873808039],[104.709891494794221,18.83712429436088],[104.709994198918352,18.837295051761448],[104.710081002342378,18.837477949251181],[104.710167767734092,18.837727391975765],[104.710237182171213,18.837910316571765],[104.710256991895733,18.838115039261321],[104.710270201716128,18.838130585358378],[104.710815184327188,18.838808160960927],[104.710942853053183,18.838884828604556],[104.711256503127458,18.838962598547408],[104.711709874341935,18.838956828212194],[104.712588691679969,18.839110454566423],[104.713067258506172,18.839372559474697],[104.713853157515871,18.83934695962575],[104.713878463290598,18.83934918923314],[104.713883084693123,18.839345984311617],[104.714087765993028,18.839339316798448],[104.715026160730673,18.838542059452092],[104.714881233206839,18.83539434412447],[104.714881233737557,18.835394344034647],[104.714907462387529,18.835307420743902],[104.714941195219751,18.835195628009732],[104.714892380124098,18.834986590199595],[104.71485958195953,18.834924075350454],[104.714859581401768,18.834924074853255],[104.714725439393504,18.832010509930132],[104.714725439915114,18.832010509642362],[104.714769960866136,18.831630935525112],[104.714721520456635,18.83098371903969],[104.714721520267631,18.830983718639665],[104.715178671762061,18.829796870942623],[104.715178672168506,18.829796870778161],[104.715395124153289,18.829762012914181],[104.715638024423683,18.829659198854394],[104.715777698451831,18.82955966149979],[104.715915133940896,18.829267136192623],[104.716029746941473,18.828977251202026],[104.716202381309941,18.828794597745603],[104.716383063620071,18.828725362861451],[104.716539623240322,18.828698541741133],[104.716653535972895,18.828678334625291],[104.716983197665741,18.828738665678888],[104.717343428003346,18.828835266061553],[104.71763535431478,18.828740829433027],[104.717823508416515,18.82849944311257],[104.718060000621037,18.828338557217261],[104.718262627103883,18.828097788811331],[104.718803572206468,18.827990196838492],[104.719529137016409,18.827537952797925],[104.719703794458937,18.827305500676953],[104.719925209160621,18.826945125038016],[104.719990365021772,18.826728893672367],[104.719860183018184,18.8262038315643],[104.719848454499811,18.826160741388762],[104.71984845446292,18.826160741302662],[104.72000057107239,18.825991624663523],[104.720496426544713,18.824234516885817],[104.720455439311678,18.822122068748719],[104.720457160068975,18.822064063285556],[104.72045000729365,18.821842057741517],[104.720443139112405,18.821488092087165],[104.720702571242114,18.819382671125879],[104.721236658945855,18.818529392102885],[104.722365823394327,18.817965096235206],[104.725547416417072,18.818641991320668],[104.727637717926399,18.818682333423887],[104.730613343342853,18.817227059952963],[104.732040138721629,18.816717349531363],[104.734420402815061,18.816434931713609],[104.735816795219023,18.816015529469098],[104.735849184734505,18.815686397396821],[104.735979109832485,18.814366126892761],[104.73600358324218,18.814117439740517],[104.736153984427446,18.812589062924083],[104.736350789365488,18.810589089631236],[104.737022161676251,18.807399700645927],[104.737205940459262,18.806975908370678],[104.737205940803037,18.806975908315852],[104.737641920934166,18.806546229550943],[104.737834482357627,18.80626173560848],[104.737922952509678,18.805990679198477],[104.737955753686833,18.805633224079326],[104.738061144964973,18.805134835178194],[104.738100770272411,18.804912405607283],[104.738100770090369,18.804912405289141],[104.738242743532268,18.804585005269924],[104.738308673396801,18.803714729236106],[104.738308673896796,18.803714728945959],[104.738395788928713,18.803445253458488],[104.738593456097675,18.803151411565533],[104.738634353900636,18.802908377715024],[104.738588368059922,18.802768746207089],[104.738536377925513,18.802610882961204],[104.738506493791036,18.802505654245774],[104.738506493672233,18.80250565386255],[104.738952327077371,18.801569630726839],[104.743156265067199,18.801243329360364],[104.74617766300959,18.801218087414686],[104.749893177073588,18.79966407108385],[104.753082198570709,18.79794321712815],[104.755279643958417,18.795904703356484],[104.757398692558169,18.79494042374181],[104.758728160131483,18.795116117141472],[104.761970593757582,18.796405907943125],[104.764557151422025,18.797874452528831],[104.768043866806536,18.797787306318376],[104.770074065881758,18.798516926794644],[104.770431747165603,18.798645468168168],[104.775131478692202,18.801381741731824],[104.776939713566932,18.801746548494286],[104.779320248336674,18.801727906804825],[104.783814055120487,18.801253029846688],[104.785149257854954,18.800249118356252],[104.787697543247077,18.793186704474586],[104.789017397509625,18.790625968433865],[104.789614381102112,18.7899744857122],[104.789614381213411,18.789974485702164],[104.789687018405033,18.789995861873713],[104.789793001933234,18.789929868530333],[104.790028215703686,18.789584397592357],[104.790383843335391,18.789495746704016],[104.790896046296282,18.789444063758015],[104.791551005861095,18.78925396076766],[104.791967234020319,18.78903128828243],[104.792419901349845,18.788482188541],[104.792658111245785,18.788264549487501],[104.793145537661289,18.788030592706509],[104.793637362293325,18.787690389994147],[104.79373741979397,18.787344891371468],[104.793757585568386,18.787133408791799],[104.793907479855292,18.786460061135617],[104.793959617881725,18.786233031933396],[104.794009344321239,18.786016503117402],[104.794331659796228,18.785291069868112],[104.794436599559674,18.785025227134373],[104.794666354592962,18.784425580227552],[104.794856681555842,18.784217538044597],[104.794882296595247,18.784206286872038],[104.795156950523307,18.784085832851058],[104.795268880449498,18.784025202783891],[104.795874194702463,18.783922986739729],[104.796387944846657,18.78391088527901],[104.796539121385777,18.783889286718892],[104.797669507392769,18.783708951981335],[104.79819573424831,18.783354684093656],[104.798401340947521,18.783199763527897],[104.79886831749117,18.782847904060713],[104.798883428009418,18.782836460266854],[104.799374670024079,18.782565200611725],[104.799912179033001,18.782422101483547],[104.800584247695411,18.782393600485801],[104.801446001598705,18.78229082641916],[104.803188997217035,18.782076592396823],[104.803913854220582,18.782061646673625],[104.804959600305622,18.782062741275862],[104.805064147259529,18.782062850385302],[104.806922876386039,18.782186728942452],[104.80727160867346,18.782242286480525],[104.808893022032834,18.782500589462177],[104.810465207925631,18.78250897848547],[104.811755015151107,18.78255339983442],[104.812087092024242,18.78256483521713],[104.812840148802252,18.782477294360408],[104.813011994465285,18.782457317318411],[104.813552603560396,18.78253919878264],[104.813805143024396,18.782699048729921],[104.813889151516278,18.782752223456811],[104.814296067623985,18.783115156979569],[104.814498049792348,18.783150153589776],[104.814658956778288,18.783061326033859],[104.815024870153934,18.782818541801404],[104.815615594379835,18.782541246152448],[104.815900309838128,18.782419460906997],[104.816071123028806,18.782338296988236],[104.816135172124774,18.782304467866531],[104.816157402379403,18.782292389458522],[104.816334405332583,18.782196217938544],[104.81671868510422,18.782128847127066],[104.816730580398541,18.782123607769538],[104.816982097624162,18.782189143905232],[104.817076174412449,18.782213656755253],[104.817629251779778,18.782455654274148],[104.818350722666835,18.782723463553396],[104.819293013314919,18.782965111148112],[104.820484405964919,18.783381650335055],[104.820987242529327,18.783557451057508],[104.823123568428173,18.78391274606744],[104.823575387495211,18.783987885339474],[104.82417837213481,18.7842125008486],[104.824996763479646,18.784517352625876],[104.825482748747106,18.784510143233383],[104.825857567846143,18.784504582081393],[104.826355470594123,18.784437875782402],[104.826978007001472,18.784450184604687],[104.827546949291047,18.784667629621623],[104.827991485974394,18.785019283465793],[104.828293274286466,18.785258013780204],[104.828564139313997,18.785325269636314],[104.829089967361583,18.785374004872661],[104.82926627831182,18.785465051346513],[104.829454824846351,18.785480812878792],[104.830299149205828,18.785551391736472],[104.830889552779112,18.785599367154084],[104.831543933920912,18.785674485038403],[104.831813289368384,18.785636240531126],[104.831970824780868,18.785613872633963],[104.832219832758952,18.78560056669188],[104.832611189238321,18.785546708375147],[104.833052340492671,18.785506450615504],[104.83332971386865,18.785567649989726],[104.833794745219734,18.785560427281268],[104.83397575295605,18.785511359878939],[104.834647398194917,18.785329289149061],[104.835518208227853,18.785228119273967],[104.836587848158672,18.785219468786202],[104.837413592050055,18.785069599533823],[104.837990110961059,18.78490193190007],[104.838424010518395,18.784880707071075],[104.838809155126185,18.785018994551091],[104.839483649572642,18.785159581695698],[104.839732647637035,18.785235777248239],[104.840382285817583,18.78528189359886],[104.841062799673622,18.785350682984209],[104.841681704884024,18.785405390843046],[104.842013319967791,18.785355899781568],[104.842400334387733,18.785038905400064],[104.842842774846972,18.784750733564046],[104.843504628448727,18.784474078143774],[104.843888565726985,18.784381426304151],[104.844596038232552,18.784323531786406],[104.844716845236178,18.784286707871832],[104.845239889112833,18.784127274609332],[104.845581491231115,18.783964802421412],[104.846043044818074,18.783727856611623],[104.846471193403644,18.783409730708694],[104.846770269161183,18.783125200393879],[104.847018143868766,18.782760808075384],[104.847207845858719,18.78248193222494],[104.847463464146131,18.782338097449102],[104.847607960569974,18.78225678997072],[104.848308076116197,18.781777545436725],[104.848963057361274,18.78116116548604],[104.849220154254056,18.780889916432301],[104.849409349043654,18.78069030643276],[104.849682386884822,18.780266982029005],[104.849704262818918,18.780206098254176],[104.849782227972327,18.779989109977379],[104.849828872529116,18.779724146464037],[104.849868088963746,18.779328633163125],[104.849868640477624,18.778748733155318],[104.850216569264447,18.778474964357578],[104.850416845527675,18.778295016976323],[104.850722985563124,18.777976602546392],[104.851196954805246,18.777297039177046],[104.851214443016772,18.77728555685681],[104.851385361457574,18.777102683848494],[104.851556241515979,18.776974065333153],[104.851783880112379,18.776913194807332],[104.85221793782685,18.776805074375631],[104.852828833845592,18.776621499036583],[104.853432670799847,18.776512695983396],[104.853995944662316,18.776214785790447],[104.854280518779234,18.776025789788889],[104.854936393178519,18.775600595420649],[104.85532195798055,18.775426896045708],[104.855705579215197,18.775161206298399],[104.855900294685981,18.7750150685658],[104.856463597904025,18.774604258040654],[104.856549815773405,18.774519665921204],[104.856762727785991,18.774475760256308],[104.85698494747848,18.774511133178798],[104.857160696113098,18.774643582914251],[104.857206948032939,18.774705437716605],[104.8572756183504,18.774782177027575],[104.857349518757999,18.774879282767007],[104.857582826542824,18.775372100312179],[104.857791824663252,18.775651432140823],[104.857868470881087,18.775688437512564],[104.858165754244368,18.77590813146363],[104.858336308732191,18.776104844877615],[104.858435666712424,18.77629473480572],[104.858651503322534,18.77664877838],[104.859145216886745,18.777309807604244],[104.859466024539529,18.777739330991032],[104.859892542490996,18.778105687440089],[104.860063108445203,18.778282109112006],[104.86036881953207,18.77848564603288],[104.860546430420797,18.778554114453048],[104.860721793319541,18.778621731463865],[104.861122559454401,18.778738429243653],[104.861141408382537,18.778748715294345],[104.861366482444808,18.778871540242775],[104.861540634916608,18.779004608276495],[104.861588295164253,18.779070836846312],[104.861732091111278,18.779270654973661],[104.862010624113012,18.77970300042999],[104.862309528794626,18.780161498162631],[104.862558170055934,18.780541192889903],[104.86282886876964,18.780833633235297],[104.863148702270891,18.781231382967178],[104.86334724613458,18.781280712689107],[104.863551401013225,18.781220280659898],[104.863873808329288,18.781145546215882],[104.864527865870755,18.781011139615789],[104.864563934915878,18.781003727476737],[104.865076983473344,18.780951588294521],[104.865403488931236,18.780936459304073],[104.865590217135022,18.780947923926366],[104.865930921751314,18.780968841812086],[104.866432162278798,18.781056294334302],[104.866874319575331,18.781133437286559],[104.867501824197547,18.781188815866006],[104.867772432519573,18.781120139487612],[104.868092624644348,18.781038878895831],[104.868928089173806,18.780724431714539],[104.869285175446095,18.780685963615603],[104.869387369641444,18.780674954336437],[104.869558033957858,18.780715138705148],[104.869664168206043,18.780991358256255],[104.869891745608157,18.78158363629602],[104.870531009033641,18.782844889584567],[104.871071921686976,18.78363775508992],[104.87130316063903,18.783976700577625],[104.871771118449885,18.784803118449712],[104.871870399011613,18.78497844766185],[104.87214497000916,18.785470264775888],[104.872307285755042,18.785761006482385],[104.872898190007589,18.786525819194509],[104.87309564428476,18.786471020929508],[104.873157565952368,18.786439412169969],[104.873364746479695,18.786143334706381],[104.873573501362571,18.785911011600046],[104.873621517239215,18.785899953677127],[104.874043095995489,18.785802864668199],[104.874402408294827,18.785782771262355],[104.874737511839953,18.785715220577792],[104.874937704745633,18.785674865072874],[104.875284529574316,18.785602359704566],[104.87568527900244,18.785635922549449],[104.876018212191738,18.785678974551665],[104.876488861113174,18.785579507605785],[104.876668995034166,18.785486183483108],[104.876685341505933,18.785477698622195],[104.876710791474309,18.785464520045803],[104.877034910548446,18.785296456494908],[104.877703807647478,18.785113850430228],[104.878009689490725,18.785100520648783],[104.878180412267227,18.785134479099085],[104.878607188693124,18.785209410207123],[104.878997546078182,18.785018755291528],[104.879452123606143,18.784936550964812],[104.879995942013323,18.784953395317178],[104.880328938685295,18.785000325988971],[104.880834153651136,18.784831133541005],[104.881069051809547,18.7846889539152],[104.881211336051862,18.784628038416809],[104.881389275395293,18.784546855297489],[104.881660704087139,18.784529222711672],[104.881894364957461,18.784513319216327],[104.882029456381559,18.784533694726878],[104.882121941825261,18.784554079412416],[104.882505506023676,18.784764769250224],[104.882902221128802,18.784868430338051],[104.883391008050538,18.784919149656826],[104.884018304405501,18.78508581097136],[104.884461990682354,18.785219784012007],[104.884929156872715,18.785544850383221],[104.885021849619704,18.785622634105643],[104.885247792093921,18.785812234711795],[104.885407697267013,18.785891487061654],[104.885952270440882,18.785934488398222],[104.88640372281732,18.785912475940961],[104.88700143658096,18.785655266484362],[104.887499611081978,18.785364057750847],[104.887714697046931,18.785194843015969],[104.888033415180814,18.784944096584926],[104.888582066009306,18.784887673532968],[104.888677636550668,18.784877844924438],[104.888751496834743,18.784827670807658],[104.88934909900307,18.784421710790291],[104.889845548123574,18.784218433788894],[104.890519678188795,18.784192240467906],[104.890907923939821,18.784206304663087],[104.891555473813412,18.784003897575438],[104.891949003822859,18.783810867469462],[104.892153224812347,18.78366541147761],[104.892259979112382,18.783631490442858],[104.892646266182709,18.783694942199268],[104.892820451327268,18.783778218314382],[104.893081655356951,18.784110692801654],[104.893220910670109,18.784376605179109],[104.893394907737004,18.784820774349697],[104.893610672297072,18.785211760824748],[104.894107298421318,18.785237159412887],[104.894401189060318,18.785378177247249],[104.894606467471363,18.785476675775264],[104.894777025573717,18.78572080513505],[104.894805484711156,18.785795375066009],[104.894905051433298,18.785876790573514],[104.8950847529659,18.786006332850036],[104.895485498403247,18.786239257129747],[104.895694429263486,18.786304239147064],[104.896121074748734,18.786656974307419],[104.896530854539094,18.786738353328438],[104.896958625571841,18.786898931733649],[104.897141639119283,18.78704944091605],[104.897415437096953,18.78727460980296],[104.897911151585518,18.787375175313421],[104.898403816193238,18.787245722495207],[104.898738688512708,18.78713971767333],[104.898794113689434,18.787131417854798],[104.899512765888986,18.787023799441823],[104.900168901342681,18.786713418112917],[104.900749609500934,18.786556982697419],[104.901325260193858,18.786544905701323],[104.902246291854652,18.786594330369041],[104.902822520954615,18.7865996290071],[104.903576716188965,18.786511927103984],[104.904313468491793,18.786257978502679],[104.904522976578903,18.786214061928064],[104.905589994148471,18.786424817560757],[104.905837823586182,18.786527224950351],[104.906308255251631,18.786776809053276],[104.906763946725079,18.786966137748013],[104.907012535159026,18.786967798111579],[104.907510979928801,18.786577986422518],[104.908068730311044,18.78636218281456],[104.908236436487968,18.786337980344264],[104.908663282982616,18.786331411090725],[104.908984515266155,18.786482826757084],[104.90923695820392,18.786674580912322],[104.909419020488585,18.786781540239762],[104.909769214942614,18.786982688894614],[104.910281170972439,18.787443888208703],[104.910455614357659,18.787942169933505],[104.910476593987326,18.788064598496366],[104.910515440216585,18.788291288776836],[104.910667941722153,18.789247276800346],[104.910684633759075,18.789404976337948],[104.910721036055563,18.789748889335982],[104.910907635280566,18.790019691606354],[104.91104697879868,18.790252457644677],[104.911481794913627,18.790576204095693],[104.91192995985412,18.790671296171048],[104.912328392794848,18.790671483631904],[104.912513868368748,18.790644384510387],[104.912906472212654,18.790760235451138],[104.913153540097682,18.790814325029309],[104.913491400499495,18.790855107334199],[104.913865029253898,18.790685773624894],[104.914079498892434,18.790519701005916],[104.914137597120998,18.79041831309338],[104.914160695842369,18.790377969345965],[104.914172691565568,18.790357079160575],[104.914288821362874,18.790154185730202],[104.914463304085146,18.789738810052285],[104.91467262588958,18.789389887953995],[104.914802568316091,18.789266111110365],[104.914864412388411,18.789207201354969],[104.91491236844638,18.789190287235986],[104.915335072540117,18.789041198668329],[104.915631479050447,18.788875206538648],[104.915980213679177,18.78864265502197],[104.916119724465872,18.788376875937139],[104.916134878138593,18.788342584199889],[104.916259259514817,18.788061116972848],[104.916527217101802,18.78781286543326],[104.916879357594183,18.787691010348762],[104.917206817481755,18.787216555729724],[104.917449029729895,18.786633743189476],[104.917847523740676,18.786410193798407],[104.917975667290264,18.786328917721622],[104.918011163439701,18.786315367362231],[104.918068168987134,18.786267943207633],[104.918509335880728,18.785922435106393],[104.918844012198576,18.78544133776446],[104.919029090026626,18.785021108787184],[104.919071962409035,18.78468220468886],[104.919186100155073,18.784099243800458],[104.91950303586745,18.783857977282711],[104.919677397051913,18.783758409050993],[104.919816846504261,18.783741866260176],[104.919973591917909,18.783891493286891],[104.920025760643767,18.784157411791888],[104.920112657619484,18.784689223204062],[104.920217017443591,18.785054897592865],[104.920356325700354,18.785320762791351],[104.920624370674631,18.785897090587333],[104.920818786425613,18.785934309981048],[104.921014600405712,18.785883156812655],[104.921234144966476,18.785794858484792],[104.921447571723633,18.785659288911088],[104.921846111734865,18.785401947148831],[104.922102167341478,18.785483386502587],[104.922343980688808,18.785646097760608],[104.922756446057903,18.785958122811859],[104.922804716840773,18.786022222808874],[104.922838212293868,18.786066702234724],[104.922966172064577,18.786175147031312],[104.923107890856897,18.786284636766332],[104.923307573537329,18.786365057079774],[104.923535313634517,18.786324506838035],[104.923713146906991,18.786290714396536],[104.924085716218016,18.78606876789943],[104.92420416500174,18.785951946424795],[104.924713418691795,18.785272788619416],[104.924870421574767,18.785090068555764],[104.925115340306874,18.784779605235368],[104.925261321629691,18.784586212750163],[104.925349497395345,18.784469399381067],[104.925488942615445,18.784203595018969],[104.925606547759102,18.783885018354141],[104.925649359131143,18.783654540808296],[104.925677954733843,18.783275049065161],[104.925706545480537,18.78294963130098],[104.925728148142255,18.782481935469679],[104.925721260188055,18.781959883142722],[104.925760820151254,18.781633728572803],[104.925865435872012,18.781351189803836],[104.925884623871724,18.781292568561081],[104.925963473358479,18.781051675103527],[104.926142869166213,18.780909331956529],[104.926423444992949,18.780686705822223],[104.926618142252963,18.780523141385281],[104.92678901742353,18.780238558380447],[104.926874492505817,18.779953851427408],[104.926930623174329,18.779753379741926],[104.927004756379361,18.77948861091134],[104.927372775609967,18.77934395740299],[104.927545914419468,18.779312006589663],[104.927748609359043,18.779274601306653],[104.928201763255473,18.779191744374401],[104.928550354797778,18.779075478295361],[104.928829285612395,18.778876135363955],[104.929125716758563,18.778577164334862],[104.9294743832519,18.77834460529623],[104.929880838655166,18.778126645499029],[104.930432261429274,18.777840176970916],[104.930674849565392,18.777470253577405],[104.931043337248994,18.777181898636076],[104.93147905404517,18.776932738083328],[104.931837612320507,18.776837527896838],[104.931937243444494,18.776742683832442],[104.932159459805192,18.776549497150601],[104.932712777703244,18.776390448543129],[104.933089822477086,18.776404140840313],[104.933381220500934,18.776423721721986],[104.933381467205649,18.776423721809927],[104.933702513190369,18.776429584113394],[104.933719632949831,18.776423842050619],[104.933842527112077,18.776382274880845],[104.934046545985495,18.776324278172929],[104.934329831133596,18.776172540392995],[104.934648531366918,18.775936427236584],[104.934711827740571,18.775843548279724],[104.934861091889758,18.775624393940603],[104.934923223815005,18.775202605435872],[104.934909654299119,18.774882975112003],[104.934905676801733,18.774789284829488],[104.935295569426614,18.774680213191385],[104.935558833855907,18.774606564982903],[104.937638729407084,18.773865290900027],[104.93764252530579,18.773863936473781],[104.938256506472428,18.77344916275009],[104.938566364103863,18.773103481836415],[104.938706272096596,18.772524095581467],[104.938754949977081,18.772018654963851],[104.938892144531877,18.77169765367525],[104.939138628767552,18.770468608437632],[104.939056847717481,18.769679984031363],[104.938648099130475,18.768351803981357],[104.938559367091514,18.768033186850761],[104.938515173292203,18.767713201513242],[104.938564309659583,18.766751560848711],[104.938590871997334,18.766658740702095],[104.938590893357514,18.766599731876902],[104.938588321075699,18.766497674401673],[104.938553683237643,18.765833996644478],[104.938494264502225,18.764642629370361],[104.938518544130631,18.763674174637664],[104.938663300610557,18.763335443219827],[104.938668276457818,18.763323876260678],[104.938840067124772,18.762922014352128],[104.938831400196605,18.762171173731407],[104.938394088612242,18.761224023330993],[104.937986900334124,18.760550587535541],[104.937610785496588,18.759986005394516],[104.937301223903063,18.759538838925277],[104.937203964390903,18.75931102245135],[104.936956255498046,18.758965137511733],[104.936372175753363,18.758762453132768],[104.936071300193859,18.758669630040966],[104.935723149646037,18.75847231133627],[104.935534479770013,18.758343880168503],[104.93543430916273,18.758045050447084],[104.935434347641376,18.757943897538325],[104.93589468124388,18.756953042776839],[104.935993389623349,18.756777315221338],[104.936464417931276,18.755882821159798],[104.936504552707191,18.755806603760742],[104.936584435032927,18.755748671316862]]]]}}
]
}
